ccodealp_year,wdi_gdpgr,wdi_gdpcapcon2015,wdi_gdpcappppcon2017,wdi_inflation,wdi_fertility,oecd_houswealth_t1a,oecd_houswealth_t1f,oecd_emplage_t1a,wdi_lfpyne,oecd_taxapw_t1,kun_wiqreco_all,nrmi_nrpi,kun_wiqreco_full,OECD_PPA,OECD_PFA_USD,OECD_PFA_PC_GDP,country,ccodealp_y,year,benefits_expand,benefits_contract,benefits_both,contributions_expand,contributions_contract,contributions_both,coverage_expand,coverage_contract,coverage_both,diversificationsecurity_expand,diversificationsecurity_contract,diversificationsecurity_both,fees_expand,fees_contract,fees_both,taxes_expand,taxes_contract,taxes_both,onlybenefits,onlycontributions,onlycoverage,onlyds,onlyfees,onlytaxes,morethantwo,morethanoneincludingtaxes,morethanonenottaxes,morethanoneyear,investment,reforms
AUS03,3.111398207894098,48453.01380054799,40642.5622844033,2.73259596616783,1.748,19.47675,46.42478,61.8184,70.22,28.246566,14.0,,14.0,358915.039,358915.039,66.997,Austria,AUT,2003,0,0,0,0,0,0,0,0,0,0,0,0,0,0,0,0,0,0,0,0,0,0,0,0,0,0,0,0,1,0
AUS06,2.74063570365783,51605.31460151205,43286.72353657514,3.55528773727028,1.908,16.57807,51.1739,63.69736,70.8,28.281561,11.0,,9.0,678162.183,645868.776,86.987,Australia,AUS,2006,0,0,0,0,0,0,0,0,0,1,0,0,0,0,0,0,0,0,0,0,0,1,0,0,0,0,0,0,1,1
AUS08,3.568270032258198,53382.31005947564,44777.27371941166,4.35029854990047,1.984,21.78497,49.43645,64.51452,70.75,26.931992,9.0,,8.0,1095339.382,1058376.109,93.245,Australia,AUS,2008,1,0,0,0,0,0,0,0,0,0,0,0,0,0,0,0,0,0,1,0,0,0,0,0,0,0,0,1,0,1
AUS09,1.870486960914079,53271.59018936856,44684.40149405388,1.77111716621252,1.971,20.57404,53.0221,61.18265,69.1,26.748796,9.0,,8.0,867428.773,839274.965,82.01,Australia,AUS,2009,1,0,0,0,0,0,0,0,0,0,0,0,0,0,0,0,1,0,1,0,0,0,0,1,1,1,0,1,0,2
AUS10,2.206566310170928,53606.58144490611,44965.39336432145,2.91834002677376,1.928,21.59504,53.17834,60.52081,68.43,26.829039,13.0,60.8689096535782,12.0,1017081.539,986838.568,88.791,Australia,AUS,2010,0,0,0,1,0,0,0,0,0,1,0,0,0,0,0,0,1,0,0,1,0,1,0,1,1,1,0,1,0,3
AUS12,3.902007806317997,55269.91928012932,46360.60712432289,1.76278015613193,1.92,22.03436,54.90641,59.60047,67.52,27.273247,,67.9142150639682,,1426024.236,1383455.627,90.491,Australia,AUS,2012,1,0,0,0,0,0,0,0,0,0,0,0,0,0,0,1,0,0,1,0,0,0,0,1,1,1,0,1,1,2
AUS13,2.578754288253421,55727.73414732151,46744.62388190121,2.44988864142539,1.855,22.08017,55.25633,58.65664,66.82,27.415207,,73.7239301149771,,1482945.643,1440897.935,101.174,Australia,AUS,2013,0,0,0,0,0,0,1,0,0,0,0,0,0,0,0,1,0,0,0,0,1,0,0,1,1,1,0,1,0,2
AUS14,2.579017111775968,56318.6359789436,47240.27446402035,2.48792270531403,1.826,22.15061,55.27889,57.70333,66.56,27.662194,,79.1281976321018,,1681786.338,1634817.606,108.562,Australia,AUS,2014,0,1,0,1,0,0,1,0,0,0,0,0,0,0,0,0,1,0,1,1,1,0,0,1,1,1,0,1,0,4
AUS17,2.282183642484654,57701.52385280859,48400.2457875228,1.94864740944522,1.741,21.68571,56.33087,58.47233,66.89,28.616701,,86.30361004333,,1838864.755,1797033.283,132.829,Australia,AUS,2017,1,1,1,0,1,0,0,0,0,1,0,0,0,0,0,0,1,0,3,1,0,1,0,1,1,1,0,1,0,6
AUS18,2.883045123476833,58479.50354678049,49052.8179535889,1.91140094445692,1.74,22.04634,55.72875,59.8588,67.85,28.889201,,87.0061045098318,,1858709.877,1819389.757,133.593,Australia,AUS,2018,0,0,0,1,0,0,0,0,0,0,0,0,0,0,0,0,0,0,0,1,0,0,0,0,0,0,0,1,0,1
AUS19,2.171396224483502,58868.48063412288,49379.09333378703,1.61076787290379,1.657,,,,68.12,,,87.9099284609859,,1825932.3,1825932.3,135.628,Australia,AUS,2019,0,0,0,0,0,0,1,1,1,0,0,0,0,1,0,0,0,0,0,0,3,0,1,0,1,0,1,1,1,4
AUT10,1.837093676800535,43334.50896446905,51843.42832754528,1.81353438995065,1.44,41.88396,6.592261,52.75,57.22,48.168771,17.0,100.0,15.0,20914.865,20332.843,5.143,Austria,AUT,2010,1,0,0,0,0,0,0,0,0,0,0,0,0,0,0,0,0,0,1,0,0,0,0,0,0,0,0,1,0,1
AUT11,2.92279728368581,44451.00019184727,53179.14746474319,3.28657914875376,1.43,42.60176,6.835825,53.9,58.0,48.539773,,100.0,,19745.146,19103.229,4.761,Austria,AUT,2011,0,0,0,0,0,0,0,0,0,1,0,0,0,0,0,0,0,0,0,0,0,1,0,0,0,0,0,1,0,1
AUT12,0.680445576816723,44549.88169823101,53297.44478509193,2.48567562177017,1.44,41.77488,7.006296,53.675,58.15,48.839612,,100.0,,22257.271,21513.655,5.117,Austria,AUT,2012,0,0,0,0,0,0,1,0,0,0,0,0,0,0,0,0,0,0,0,0,1,0,0,0,0,0,0,1,0,1
BEL19,2.261568321273842,43107.214821718,51987.71391450948,1.43681956996435,1.6,,,,30.98,,,86.8216530410829,,187122.415,45376.154,8.438,Belgium,BEL,2019,0,0,0,0,0,0,1,0,0,0,0,0,0,0,0,0,0,0,0,0,1,0,0,0,0,0,0,0,0,1
CAN05,3.204200428271292,40989.52682394749,44680.79648896932,2.21355203439764,1.58,21.28194,,57.7,65.87,31.852046,13.0,,11.0,1372018.985,687574.445,56.25,Canada,CAN,2005,0,0,0,0,0,0,0,0,0,0,0,0,0,0,0,0,0,0,0,0,0,0,0,0,0,0,0,0,1,0
CAN09,-2.925955647320094,40368.93150946273,44004.31410195377,0.299466803009284,1.69,23.72202,,55.31667,66.43,30.515127,7.0,,6.0,1711493.834,875691.741,58.571,Canada,CAN,2009,0,0,0,0,0,0,0,0,0,0,1,0,0,0,0,0,0,0,0,0,0,1,0,0,0,0,0,0,0,1
CAN10,3.089919461525952,41156.14518567187,44862.41949582928,1.77687154092629,1.65,22.90635,,54.88334,65.58,30.391521,8.0,52.8512927040139,7.0,2068887.311,1054138.669,62.93,Canada,CAN,2010,0,0,0,0,0,0,0,0,0,0,0,0,0,0,0,0,0,0,0,0,0,0,0,0,0,0,0,0,1,0
CAN12,1.760961587768591,42315.80738915577,46126.51388590021,1.51567823124521,1.63,23.10882,,54.325,65.04,30.789629,,54.5276745910926,,2324631.772,1199562.921,65.315,Canada,CAN,2012,0,0,0,0,0,0,0,0,0,1,0,0,0,0,0,0,0,0,0,0,0,1,0,0,0,0,0,1,0,1
CAN13,2.329122506210197,42846.28419579576,46704.76223556771,0.93829189781521,1.61,22.03344,,55.075,65.31,31.007601,,55.5364459517073,,2405772.471,1260630.5,70.485,Canada,CAN,2013,0,0,0,1,0,0,1,0,0,0,0,0,0,0,0,0,0,0,0,1,1,0,0,0,1,0,1,1,0,2
CAN14,2.87003607545671,43635.09548113708,47564.60910962205,1.90663590717873,1.61,20.91125,,55.55,65.37,31.582646,,57.6508209830285,,2446199.466,1297507.973,75.454,Canada,CAN,2014,1,1,0,2,0,0,2,0,0,0,0,0,0,0,0,0,0,0,2,2,2,0,0,0,1,0,1,1,0,6
CAN15,0.6591768635588693,43596.13553655462,47522.14066731514,1.12524136094279,1.6,21.17578,,55.775,65.48,31.539446,,57.8177315649851,,2225731.936,1195695.809,83.14,Canada,CAN,2015,0,0,0,0,0,0,0,0,0,0,0,0,0,0,0,0,0,0,0,0,0,0,0,0,0,0,0,0,1,0
CAN16,1.001394413904052,43536.9134032467,47457.58534572437,1.4287595470108,1.59,21.0699,,55.375,64.78,31.373907,,59.2937674931176,,2378020.407,1289361.734,85.47,Canada,CAN,2016,1,0,0,1,0,0,1,0,0,0,0,0,0,0,0,0,1,0,1,1,1,0,0,1,1,1,0,0,0,4
CAN19,1.888223585351412,45113.06628178024,49175.67705006959,1.94926902411596,1.47,,,,65.77,,,61.5429356571653,,2814496.516,1597002.833,90.143,Canada,CAN,2019,1,0,0,0,0,0,0,0,0,0,0,0,0,0,0,0,0,0,1,0,0,0,0,0,0,0,0,0,0,1
CHL02,3.202799135201133,8904.538117843314,16053.6546085706,2.48939816650703,1.935,,,,36.31,7.0,19.0,,18.0,35825.852,35825.852,52.699,Chile,CHL,2002,0,0,0,0,0,0,0,0,0,0,0,0,0,0,0,0,0,0,0,0,0,0,0,0,0,0,0,0,1,0
CHL07,5.16823098528431,11171.4197395406,20140.5296504463,4.40779938398046,1.826,11.52261,41.63878,26.38727,37.15,7.0,19.0,,16.0,111276.576,111276.576,61.195,Chile,CHL,2007,0,0,0,0,0,0,0,0,0,0,0,0,0,0,0,0,0,0,0,0,0,0,0,0,0,0,0,0,1,0
CHL08,3.789392806352382,11479.28183236749,20695.56256062173,8.7162687303961,1.85,13.19728,36.41286,27.44823,39.54,7.0,16.0,,14.0,74312.759,74312.759,49.805,Chile,CHL,2008,1,0,0,0,0,0,1,0,0,0,0,0,0,0,0,0,0,0,1,0,1,0,0,0,1,0,1,0,1,2
CHL10,5.851651022240475,11773.00440023091,21225.10385662371,1.41071107954318,1.844,10.48826,43.19477,30.53207,37.74,7.0,18.0,58.9401746411294,16.0,148437.026,148437.026,62.759,Chile,CHL,2010,0,0,0,0,0,0,0,0,0,0,0,0,0,1,0,0,0,0,0,0,0,0,1,0,0,0,0,1,1,1
CHL11,6.223896785091384,12382.37946355134,22323.72308472482,3.34121694259299,1.823,12.10247,41.63527,31.68756,38.63,7.0,,59.2196547802976,,134962.258,134962.258,57.919,Chile,CHL,2011,1,0,0,0,0,0,1,0,0,0,0,0,0,0,0,0,0,0,1,0,1,0,0,0,1,0,1,1,0,2
CHL12,6.155340018554938,13017.06783976196,23467.97872616485,3.00744840213049,1.798,12.94201,41.85255,31.08562,37.37,7.0,,59.2352804485547,,162020.98,162020.98,59.661,Chile,CHL,2012,0,0,0,0,1,0,1,0,0,1,0,0,0,1,0,0,0,0,0,1,1,1,1,0,1,0,1,1,0,4
CHL14,1.792649471392593,13421.53834223378,24197.18328007944,4.71867527854671,1.774,11.99907,42.07072,30.07909,36.27,7.0,,59.2483618846818,,165431.55,165431.55,67.914,Chile,CHL,2014,0,0,0,0,0,0,1,0,0,1,0,0,0,1,0,0,0,0,0,0,1,1,1,0,1,0,1,1,0,3
CHL15,2.151942499811838,13569.94812747328,24464.74566245534,4.3487735321705,1.737,12.84793,41.70881,30.199,36.02,7.0,,59.3082864134359,,154711.201,154711.201,68.99,Chile,CHL,2015,0,0,0,0,0,0,1,0,0,0,0,0,0,0,0,0,0,0,0,0,1,0,0,0,0,0,0,1,0,1
CHL16,1.75303874901438,13644.62326092771,24599.37463303879,3.78619355893115,1.676,13.04956,41.71369,29.1628,34.76,7.0,,59.5837218014712,,174479.804,174479.804,68.989,Chile,CHL,2016,0,0,0,0,0,0,0,0,0,0,0,0,0,0,0,0,0,0,0,0,0,0,0,0,0,0,0,0,1,0
CHL17,1.357695373495972,13615.52385774011,24546.91242086036,2.18271846868523,1.598,13.10901,43.22208,28.3165,34.22,7.0,,59.58372180147,,210512.275,210512.275,72.226,Chile,CHL,2017,0,0,0,0,0,0,0,0,0,1,0,0,0,0,0,0,0,0,0,0,0,1,0,0,0,0,0,0,1,1
CHL19,0.7431300313024849,13761.37447356481,24809.86097359945,2.55754475703323,1.545,,,,31.68,,,60.6598192869971,,215373.446,215373.446,81.926,Chile,CHL,2019,0,0,0,0,0,0,1,0,0,0,0,0,0,0,0,0,0,0,0,0,1,0,0,0,0,0,0,0,0,1
CHL20,-6.145246856790621,12741.15750744641,22970.5504351843,3.04549084804331,1.537,,,,26.61,,,61.0552793812194,,208482.279,208482.279,75.449,Chile,CHL,2020,0,0,0,0,0,0,0,0,0,0,0,0,0,0,0,0,0,0,0,0,0,0,0,0,0,0,0,0,1,0
CHL22,2.440403398338049,14358.3476757158,25886.12135578594,11.6438667110559,,,,,29.68,,,61.1189387915359,,174791.905,174791.905,57.711,Chile,CHL,2022,0,0,0,0,0,0,0,0,0,0,0,0,0,0,0,0,0,0,0,0,0,0,0,0,0,0,0,0,1,0
COL02,2.503980465506856,4045.306746880698,9232.627394983265,6.3515072877887,2.458,,,,56.26,,66.0,,55.0,5471.95,5471.95,6.732,Colombia,COL,2002,0,0,0,0,0,0,0,0,0,0,0,0,0,0,0,0,0,0,0,0,0,0,0,0,0,0,0,0,1,0
COL04,5.333022067452362,4301.0350421822,9816.27758830756,5.90402005546497,2.33,,,,54.8,,64.0,,53.0,11067.058,11067.058,8.8,Colombia,COL,2004,0,0,0,0,0,0,0,0,0,0,0,0,0,0,0,0,0,0,0,0,0,0,0,0,0,0,0,0,1,0
COL05,4.828761107950854,4447.566817844546,10150.70792223932,5.05101962689697,2.263,,,,52.41,,60.0,,50.0,17017.685,17017.685,11.502,Colombia,COL,2005,0,0,0,0,0,0,0,0,0,0,0,0,0,0,0,0,0,0,0,0,0,0,0,0,0,0,0,0,1,0
COL07,6.738194690909751,4939.117956966151,11272.5779798286,5.54438485815156,2.137,,,37.9675,48.81,,61.0,,50.0,32196.003,32196.003,15.138,Colombia,COL,2007,0,0,0,0,0,0,0,0,0,0,0,0,0,0,0,0,0,0,0,0,0,0,0,0,0,0,0,0,1,0
COL08,3.283446186165406,5042.061145784969,11507.52582548911,6.99688495554508,2.081,,,37.30833,48.33,,62.0,,51.0,30765.783,30765.783,14.484,Colombia,COL,2008,0,0,0,0,0,0,0,0,0,0,0,0,0,0,0,0,0,0,0,0,0,0,0,0,0,0,0,0,1,0
COL09,1.139648645480619,5042.144958929181,11507.71711272139,4.20251661216488,2.033,,,39.85,52.14,,65.0,,53.0,32782.646,32782.646,13.361,Colombia,COL,2009,0,0,0,0,0,0,0,0,0,0,0,0,0,0,0,0,0,0,0,0,0,0,0,0,0,0,0,0,1,0
COL11,6.947891981735552,5511.099852782438,12578.01562675611,3.41503344776241,1.958,,,42.54417,52.66,,,82.7703698807741,,54005.677,54005.677,16.949,Colombia,COL,2011,0,0,0,0,0,0,0,0,0,0,0,0,0,0,0,0,0,0,0,0,0,0,0,0,0,0,0,0,1,0
COL13,5.133993519956718,5899.767919903309,13465.07504365258,2.01699224310378,1.905,,,44.18333,52.09,,,82.9431868475918,,66762.418,66762.418,18.014,Colombia,COL,2013,0,0,0,0,0,0,0,0,0,0,0,0,0,0,0,0,0,0,0,0,0,0,0,0,0,0,0,0,1,0
COL14,4.499030001109716,6107.08301998524,13938.23151661623,2.89883787761738,1.883,,,44.36,51.55,,,83.0996413008312,,63741.598,63741.598,19.989,Colombia,COL,2014,0,0,0,0,0,0,0,0,0,0,0,0,0,0,0,0,0,0,0,0,0,0,0,0,0,0,0,0,1,0
COL15,2.955901375275232,6228.651621860958,14215.68825210682,4.98983115849532,1.863,23.95541,52.5515,45.03417,51.4,,,83.380932184,,51968.234,51968.234,20.34,Colombia,COL,2015,0,0,0,0,0,0,0,0,0,0,0,0,0,0,0,0,0,0,0,0,0,0,0,0,0,0,0,0,1,0
COL16,2.087382501627943,6291.079698215338,14358.16821815883,7.51346024627683,1.843,20.98491,48.95261,43.78833,50.06,,,83.7244830286835,,64578.401,64578.401,22.434,Colombia,COL,2016,0,0,0,0,0,0,0,0,0,0,0,0,0,0,0,0,0,0,0,0,0,0,0,0,0,0,0,0,1,0
COL18,2.564324282777037,6320.990747575989,14426.43438214079,3.24056932930567,1.787,,,42.2475,48.12,,,83.8004969825394,,72227.81,72227.81,23.947,Colombia,COL,2018,0,0,0,0,0,0,0,0,0,0,0,0,0,0,0,0,0,0,0,0,0,0,0,0,0,0,0,0,1,0
COL20,-7.252299074923059,5852.983235400121,13358.2980828837,2.52663500084712,1.737,,,,46.94,,,85.9941477461259,,93389.243,93389.243,32.128,Colombia,COL,2020,0,0,0,0,0,0,0,0,0,0,0,0,0,0,0,0,0,0,0,0,0,0,0,0,0,0,0,0,1,0
COL21,11.01619326697785,6423.859895371493,14661.21324353806,3.49505757399453,1.717,,,,48.35,,,86.0156277135547,,92187.933,92187.933,30.775,Colombia,COL,2021,0,0,0,0,0,0,0,0,0,0,0,0,0,0,0,0,0,0,0,0,0,0,0,0,0,0,0,0,1,0
CRI03,4.31717986611369,8109.82489763115,13333.21725736271,9.4475809161698,2.137,,,,50.63,,40.0,,32.0,1032.601,1032.601,6.277,Costa Rica,CRI,2003,0,0,0,0,0,0,0,0,0,0,0,0,0,0,0,0,0,0,0,0,0,0,0,0,0,0,0,0,1,0
CRI07,8.215131983501252,9647.860895035745,15861.87457880871,9.35724456417162,2.012,,,,51.41,,57.0,,46.0,1691.185,1691.185,6.065,Costa Rica,CRI,2007,0,0,0,0,0,0,0,0,0,0,0,0,0,0,0,0,0,0,0,0,0,0,0,0,0,0,0,0,1,0
CRI08,4.738174877967012,9966.048440858083,16385.00100022819,13.4244635507283,2.021,,,,49.1,,57.0,,46.0,2018.059,2018.059,6.916,Costa Rica,CRI,2008,0,0,0,0,0,0,0,0,0,0,0,0,0,0,0,0,0,0,0,0,0,0,0,0,0,0,0,0,1,0
CRI09,-0.8734559427998931,9746.490696192635,16024.03006101394,7.84270167700652,1.982,,,,47.37,,53.0,,43.0,2369.237,2369.237,7.598,Costa Rica,CRI,2009,0,0,0,0,0,0,0,0,0,0,0,0,0,0,0,0,0,0,0,0,0,0,0,0,0,0,0,0,1,0
CRI13,2.494766112099541,10975.69637298727,18044.94500672056,5.23133614174423,1.838,,,,47.74,,,99.0068863902512,,5453.035,5453.035,10.738,Costa Rica,CRI,2013,0,0,0,0,0,0,0,0,0,0,0,0,0,0,0,0,0,0,0,0,0,0,0,0,0,0,0,0,1,0
CRI14,3.542109877659769,11240.71158731532,18480.65175424534,4.51920098516958,1.819,,,,48.21,,,99.0068863902512,,5846.268,5846.268,11.262,Costa Rica,CRI,2014,0,0,0,0,0,0,0,0,0,0,0,0,0,0,0,0,0,0,0,0,0,0,0,0,0,0,0,0,1,0
CRI18,2.615904404337897,12470.9574213207,20503.27680371473,2.22111461526584,1.709,,,,45.63,,,99.0068863902512,,16450.402,16450.402,27.775,Costa Rica,CRI,2018,0,0,0,0,0,0,0,0,0,0,0,0,0,0,0,0,0,0,0,0,0,0,0,0,0,0,0,0,1,0
CRI20,-4.273354321614619,12030.04859382397,19778.38653026132,0.724911478131358,1.555,,,,43.93,,,99.0068863981659,,21656.951,21656.951,36.431,Costa Rica,CRI,2020,0,0,0,0,0,0,0,0,0,0,0,0,0,0,0,0,0,0,0,0,0,0,0,0,0,0,0,0,1,0
CZE04,4.814261001269585,14070.28045898182,28542.2548172745,2.76010781671159,1.23,50.78027,3.821298,27.775,35.84,43.518341,26.0,,,4462.449,4462.449,3.241,Czech Republic,CZE,2004,0,0,0,0,0,0,0,0,0,0,0,0,0,0,0,0,0,0,0,0,0,0,0,0,0,0,0,0,1,0
CZE09,-4.657331091717552,16160.62055659422,32782.61234921931,1.0193773532923,1.51,53.66939,5.452703,26.55,31.84,42.005939,26.0,,,11752.538,11752.538,5.459,Czech Republic,CZE,2009,0,0,0,0,0,0,0,0,0,0,0,0,0,0,0,0,0,0,0,0,0,0,0,0,0,0,0,0,1,0
CZE12,-0.7850042990036172,16606.99253915037,33688.09983445824,3.28762306610408,1.45,51.43324,5.676389,25.2,31.27,42.454052,,100.0,,14337.364,14337.364,6.681,Czech Republic,CZE,2012,1,0,0,1,1,1,0,0,0,0,1,0,0,0,0,0,0,0,1,3,0,1,0,0,1,0,1,1,0,5
CZE13,-0.0459036735515213,16593.86423072847,33661.46841617271,1.43829787234043,1.46,51.42778,6.219222,25.55,31.55,42.441222,,100.0,,14950.658,14950.658,7.179,Czech Republic,CZE,2013,1,0,0,0,0,0,1,0,0,0,0,0,0,0,0,0,0,0,1,0,1,0,0,0,1,0,1,1,1,2
CZE16,2.537284520313804,18247.01172954565,37014.9592935816,0.683504209385683,1.63,51.24588,6.898381,28.625,31.98,43.005683,,100.0,,15683.884,15683.884,8.383,Czech Republic,CZE,2016,0,0,0,0,0,0,0,1,0,0,0,0,0,0,0,0,0,0,0,0,1,0,0,0,0,0,0,1,1,1
CZE17,5.168724304130706,19139.23988413827,38824.88791709192,2.45053398460138,1.69,51.98679,7.157808,29.15,31.65,43.369605,,100.0,,20919.89,20919.89,8.715,Czech Republic,CZE,2017,1,0,0,0,0,0,0,0,0,0,0,0,0,0,0,0,0,0,1,0,0,0,0,0,0,0,0,1,0,1
DNK04,2.66821926741747,50792.00095344996,50446.54160489846,1.15435693124937,1.78,20.96717,20.40929,62.3,66.43,38.60587,3.0,,2.0,337121.176,82491.843,29.949,Denmark,DNK,2004,0,0,0,0,0,0,0,0,0,0,1,0,0,0,0,0,0,0,0,0,0,1,0,0,0,0,0,0,0,1
DNK06,3.913007978310603,53687.44154749776,53322.28899917831,1.92422138464588,1.85,18.13074,16.81554,64.55,69.94,38.58812,4.0,,3.0,404047.893,94025.109,31.643,Denmark,DNK,2006,0,0,0,1,0,0,0,0,0,0,0,0,0,0,0,0,0,0,0,1,0,0,0,0,0,0,0,1,0,1
DNK07,0.909238928302372,53935.87024796312,53569.02802380076,1.69326586220319,1.84,19.31854,16.60923,65.325,70.61,38.765757,2.0,,1.0,469955.244,108166.659,31.571,Denmark,DNK,2007,0,0,0,0,0,0,0,0,0,1,0,0,0,0,0,0,0,0,0,0,0,1,0,0,0,0,0,1,0,1
DNK08,-0.512016744849106,53345.35761829765,52982.5317373493,3.41626794258375,1.89,21.3,20.21761,66.4,69.08,38.584203,3.0,,2.0,501045.187,155961.495,45.754,Denmark,DNK,2008,0,0,0,0,0,0,0,0,0,1,0,0,0,0,0,0,0,0,0,0,0,1,0,0,0,0,0,1,0,1
DNK12,0.226499791802965,51567.04015025193,51216.30940992605,2.39791485664639,1.73,17.79555,21.41646,55.0,60.99,36.155981,,84.64341490835,,636211.339,161358.281,48.187,Denmark,DNK,2012,1,0,0,1,0,0,0,0,0,0,0,0,0,1,0,0,0,0,1,1,0,0,1,0,1,0,1,0,0,3
DNK14,1.619393811030335,52404.76397133822,52048.33549278455,0.564020540449518,1.69,16.3121,21.21274,53.75,58.27,35.632274,,84.6738935624041,,655856.686,152348.513,47.073,Denmark,DNK,2014,0,0,0,0,0,0,1,0,0,0,0,0,0,0,0,0,0,0,0,0,1,0,0,0,0,0,0,0,0,1
DNK16,3.245956985243993,54556.06895456944,54185.0084787703,0.249999999999997,1.79,16.00523,22.37263,58.25,59.54,35.872315,,84.6858044181424,,611895.405,138345.17,46.291,Denmark,DNK,2016,0,0,0,0,0,0,0,0,0,0,0,0,0,0,0,0,0,0,0,0,0,0,0,0,0,0,0,0,1,0
DNK17,2.821736341290261,55735.7649011485,55356.680780178,1.14713216957606,1.75,15.56287,22.00608,56.25,60.38,35.805903,,84.7623435567771,,721673.515,160173.29,45.341,Denmark,DNK,2017,1,0,0,0,1,0,0,0,0,0,0,0,0,0,0,0,0,0,1,1,0,0,0,0,1,0,1,0,0,2
DNK19,1.493486958536479,57203.02779434472,56813.96415546347,0.758131572511619,1.7,,,,61.13,,,84.7843163813594,,761777.461,169433.84,48.946,Denmark,DNK,2019,0,0,0,0,0,0,0,0,0,0,0,0,0,0,0,0,0,0,0,0,0,0,0,0,0,0,0,0,1,0
EST07,7.579140520467647,17459.09831442783,31140.57983508986,6.60132603055634,1.69,21.79301,4.763069,34.1,37.9,39.004571,12.0,,,1330.63,1043.113,4.32,Estonia,EST,2007,0,0,0,0,0,0,0,0,0,0,0,0,0,0,0,0,0,0,0,0,0,0,0,0,0,0,0,0,1,0
EST11,7.263084581286947,15692.78882933603,27990.13640763499,4.9819013145361,1.61,30.11719,7.550459,31.05,39.93,40.261904,,100.0,,1805.773,1467.283,6.8,Estonia,EST,2011,0,0,0,1,0,0,0,0,0,0,1,0,0,1,0,0,0,0,0,1,0,1,1,0,1,0,1,0,0,3
EST13,1.458428636159923,16553.383261103,29525.11886351169,2.78056658954996,1.52,27.08966,9.186977,32.35,39.71,39.915588,,100.0,,2843.47,2442.565,9.366,Estonia,EST,2013,1,0,0,0,0,0,0,0,0,0,0,0,0,0,0,0,0,0,1,0,0,0,0,0,0,0,0,0,0,1
EST18,3.784200849528261,19611.61099362805,34979.86704944073,3.43632688420445,1.67,,,41.7,47.33,36.474907,,100.0,,4977.605,4511.129,15.193,Estonia,EST,2018,0,1,0,0,0,0,2,0,0,0,0,0,0,1,0,0,0,0,1,0,2,0,1,0,1,0,1,0,0,4
EST19,3.739706681616454,20269.57513737897,36153.4319482746,2.27725931243518,1.66,,,,44.65,,,100.0,,5857.002,5341.61,17.126,Estonia,EST,2019,0,0,0,0,0,0,0,0,0,0,0,0,0,0,0,0,0,0,0,0,0,0,0,0,0,0,0,0,1,0
FIN05,2.779850555561225,42530.61967718767,44786.90966430715,0.623874450025199,1.8,31.05686,8.613676,40.5,50.67,44.391512,14.0,,12.0,142462.932,127349.795,65.549,Finland,FIN,2005,0,0,0,0,0,0,1,0,0,0,0,0,0,0,0,0,0,0,0,0,1,0,0,0,0,0,0,0,1,1
FIN07,5.299336507390208,46212.64097412155,48664.26570707096,2.51066565240339,1.83,31.63457,8.644404,44.6,53.42,43.881646,13.0,,11.0,209057.337,186956.7,67.888,Finland,FIN,2007,0,0,0,0,0,0,1,0,0,0,0,0,0,0,0,0,0,0,0,0,1,0,0,0,0,0,0,1,0,1
FIN08,0.7839950608765207,46358.62041129709,48817.989492787,4.06595355358378,1.85,39.74841,9.292311,44.7,53.47,43.83802,11.0,,10.0,183160.245,156896.083,58.033,Finland,FIN,2008,1,0,0,0,0,0,0,0,0,1,0,0,0,0,0,0,1,0,1,0,0,1,0,1,1,1,0,1,0,3
FIN09,-8.074447432311302,42412.09784941831,44662.10014039603,-9.1736040326e-07,1.86,35.65388,9.175138,39.6,50.44,42.495874,10.0,,9.0,214594.657,191702.083,73.218,Finland,FIN,2009,0,0,0,0,0,0,1,0,0,1,0,0,0,0,0,0,0,0,0,0,1,1,0,0,1,0,1,1,0,2
FIN10,3.185958654077027,43563.57219743652,45874.66130213992,1.1841352315465,1.87,34.13738,8.908297,38.8,49.38,42.292463,7.0,58.3397605675356,6.0,219258.394,197832.427,78.693,Finland,FIN,2010,0,0,0,1,0,0,1,0,0,1,0,0,0,0,0,0,0,0,0,1,1,1,0,0,1,0,1,1,0,3
FIN11,2.547664838426272,44466.81769785724,46825.82483888314,3.41680754255211,1.83,38.10683,9.159431,40.375,50.52,42.346324,,58.4332675428208,,128722.917,107935.676,42.131,Finland,FIN,2011,1,0,0,0,0,0,0,0,0,0,0,0,0,0,0,0,0,0,1,0,0,0,0,0,0,0,0,1,0,1
FIN12,-1.397545728177818,43637.24867136569,45952.24638336601,2.80833622561575,1.8,35.5046,9.095566,41.8,51.6,42.48978,,58.5586849340895,,141541.274,119600.971,45.09,Finland,FIN,2012,0,0,0,1,0,0,0,0,0,0,0,0,0,0,0,0,0,0,0,1,0,0,0,0,0,0,0,1,0,1
FIN13,-0.901696316194844,43044.99712014741,45328.57532180406,1.47828615688804,1.75,32.26695,8.497869,41.525,51.83,43.109455,,58.6569199700096,,159313.632,135651.034,48.141,Finland,FIN,2013,0,0,0,0,0,0,0,0,0,1,0,0,0,0,0,1,0,0,0,0,0,1,0,1,1,1,0,1,0,2
FIN14,-0.3649081568820662,42710.92128897293,44976.77644877083,1.04119621178439,1.71,30.61726,8.039776,41.35,52.06,43.595602,,58.7695315242093,,148854.731,126446.087,50.338,Finland,FIN,2014,0,1,0,1,0,0,0,0,0,0,0,0,0,0,0,0,0,0,1,1,0,0,0,0,1,0,1,1,0,2
FIN15,0.5436592117654868,42801.90811672851,45072.59021462379,-0.207928839905218,1.65,29.9459,7.936019,40.475,52.21,43.512412,,59.9018617843529,,132904.816,112509.012,48.888,Finland,FIN,2015,0,1,0,0,0,0,0,0,0,1,0,0,0,0,0,0,0,0,1,0,0,1,0,0,1,0,1,1,0,2
FIN16,2.811457766634334,43878.96672735787,46206.78781304944,0.356684500891696,1.57,30.41031,3.001616,41.65,52.19,44.114717,,72.115497122133,,134867.425,116075.321,50.625,Finland,FIN,2016,1,0,0,1,0,0,0,0,0,0,0,0,0,0,0,0,0,0,1,1,0,0,0,0,1,0,1,1,0,2
FIN17,3.192409629684164,45173.62940671988,47570.13358384801,0.754015047084413,1.49,30.26421,2.822622,42.525,53.24,42.703288,,72.1906746579424,,162379.571,140620.575,51.813,Finland,FIN,2017,0,1,0,1,0,0,1,0,0,0,0,0,0,0,0,0,0,0,1,1,1,0,0,0,1,0,1,1,1,3
FRA08,0.2549459601240045,36354.65866410805,42993.0595165288,2.81286194914787,2.01,30.32488,0.0,31.425,34.73,49.764421,20.0,,18.0,170527.784,2587.17,0.093,France,FRA,2008,0,1,0,0,0,0,0,1,0,0,0,0,0,0,0,0,0,0,1,0,1,0,0,0,1,0,1,1,0,2
FRA09,-2.873313828496308,35129.36223608584,41544.02260651216,0.0876204781574529,2.0,28.54533,0.0,30.475,35.6,49.836415,23.0,,21.0,200090.696,4321.8,0.155,France,FRA,2009,0,0,0,1,0,0,0,0,0,0,0,0,0,0,0,0,0,0,0,1,0,0,0,0,0,0,0,1,0,1
FRA10,1.949437623126627,35638.12156034508,42145.68194567853,1.53112270420924,2.03,27.68277,0.0,30.125,35.02,49.897129,22.0,98.5993820333688,20.0,201878.441,5344.8,0.2,France,FRA,2010,0,0,0,0,1,0,1,0,0,0,0,0,0,0,0,0,0,0,0,1,1,0,0,0,1,0,1,1,0,2
FRA11,2.192700632666543,36244.18716259184,42862.41579673903,2.11159795174997,2.01,29.10015,0.0,29.6,33.99,49.963928,,99.1082941211471,,202739.897,6469.5,0.243,France,FRA,2011,0,0,0,1,0,0,0,0,0,0,0,0,0,0,0,0,0,0,0,1,0,0,0,0,0,0,0,1,0,1
FRA12,0.3131347510771718,36182.15112758164,42789.05191317173,1.95419531613507,2.01,29.18132,0.0,28.55,33.37,50.095021,,99.96895766789592,,225612.122,8839.98,0.321,France,FRA,2012,1,0,0,0,0,0,0,0,0,0,0,0,0,0,0,0,0,0,1,0,0,0,0,0,0,0,0,1,0,1
FRA14,0.9561830523715572,36378.61866146991,43021.39463589031,0.507758822937957,2.0,28.53603,0.0,27.625,34.38,48.387327,,99.96895766789592,,237420.897,12593.508,0.483,France,FRA,2014,1,0,0,1,1,1,1,0,0,0,0,0,0,0,0,1,0,0,1,3,1,0,0,1,1,1,0,0,0,6
FRA16,1.095464403720484,36956.79580032932,43705.14755932568,0.183334861123848,1.92,27.32631,0.0,27.85,34.92,48.045242,,99.9690742344559,,231232.647,14757.4,0.627,France,FRA,2016,1,1,1,0,0,0,0,0,0,1,0,0,0,0,0,0,1,0,3,0,0,1,0,1,1,1,0,1,0,5
FRA17,2.291419994170212,37694.08330273043,44577.06457453943,1.03228275064674,1.89,27.374,0.0,28.675,34.98,47.59694,,99.9690742344559,,274646.896,19154.02,0.695,France,FRA,2017,0,0,0,1,0,0,0,0,0,0,0,0,0,0,0,0,0,0,0,1,0,0,0,0,0,0,0,1,1,1
FRA18,1.865066070819992,38259.69776984741,45245.96086848753,1.85081508315494,1.87,,,29.85,35.67,47.633003,,99.9690742344559,,262658.42,19007.0,0.702,France,FRA,2018,0,0,0,0,0,0,0,0,0,0,0,0,0,0,0,1,0,0,0,0,0,0,0,1,0,0,0,1,0,1
FRA19,1.842971814458963,38832.02420143027,45922.79473903126,1.10825492288292,1.86,,,,34.89,,,99.9690742344559,,272569.419,35724.12,1.305,France,FRA,2019,0,0,0,0,0,0,1,0,0,0,0,0,0,0,0,0,0,0,0,0,1,0,0,0,0,0,0,1,0,1
DEU01,1.681468480970793,35011.06845750298,43576.63652601242,1.98385731334476,1.35,35.07335,10.67414,,50.39,51.909506,15.0,,15.0,67537.829,67537.829,3.527,Germany,DEU,2001,0,0,0,0,0,0,1,0,0,1,0,0,0,0,0,0,0,0,0,0,1,1,0,0,1,0,1,1,0,2
DEU02,-0.1979738347713607,34883.05807354453,43417.3079988044,1.42080615551521,1.34,37.25743,11.31651,,50.01,52.474167,15.0,,14.0,77654.204,77654.204,3.369,Germany,DEU,2002,0,0,0,0,0,0,0,0,0,1,0,0,0,0,0,0,0,0,0,0,0,1,0,0,0,0,0,1,0,1
DEU04,1.175088131609868,35034.08060861815,43605.27867231094,1.66573696655992,1.36,36.27595,11.27865,,47.46,52.235619,23.0,,19.0,116972.956,116972.956,3.796,Germany,DEU,2004,0,0,0,0,0,0,0,0,0,0,0,0,0,0,0,0,1,0,0,0,0,0,0,1,0,0,0,1,1,1
DEU05,0.7317071635541907,35310.4704669272,43949.28817917957,1.54691114751329,1.34,35.20055,11.30077,41.9,49.63,52.134375,25.0,,19.0,112274.814,112274.814,4.159,Germany,DEU,2005,0,0,0,0,0,0,1,0,0,0,0,0,0,0,0,0,1,0,0,0,1,0,0,1,1,1,0,1,1,2
DEU08,0.95987913356484,38278.31300825307,47643.22273724014,2.62837981637219,1.38,39.3934,13.13523,46.65,52.16,51.343991,23.0,,20.0,165634.075,165634.075,4.674,Germany,DEU,2008,1,0,0,0,1,0,0,0,0,1,0,0,0,0,0,1,0,0,1,1,0,1,0,1,1,1,0,0,0,4
DEU14,2.20954343134872,40851.16173048549,50845.52699542711,0.90679400043421,1.47,39.12764,14.32569,46.05,49.92,49.314137,,100.0,,236203.874,236203.874,6.646,Germany,DEU,2014,1,0,0,1,0,0,0,0,0,0,0,0,0,0,0,0,0,0,1,1,0,0,0,0,1,0,1,1,0,2
DEU15,1.491931527607719,41103.25643637683,51159.29746438876,0.514426137125476,1.5,39.09534,14.28578,45.3,48.82,49.449011,,100.0,,220177.425,220177.425,6.683,Germany,DEU,2015,0,1,0,0,0,0,0,0,0,0,0,0,0,0,0,0,0,0,1,0,0,0,0,0,0,0,0,1,1,1
DEU17,2.680231114058913,42639.55440872855,53071.45556999133,1.50949485109622,1.57,39.24511,13.9966,46.5,49.86,49.584077,,100.0,,270924.532,270924.532,6.914,Germany,DEU,2017,1,1,1,1,0,0,0,1,0,0,0,0,0,0,0,0,0,0,3,1,1,0,0,0,1,0,1,1,0,5
DEU18,0.9812326060047384,42928.74123680124,53431.39286554488,1.73216879766946,1.57,,,47.175,50.28,49.495616,,100.0,,268545.518,268545.518,6.969,Germany,DEU,2018,1,0,0,1,0,0,0,0,0,0,0,0,0,0,0,0,1,0,1,1,0,0,0,1,1,1,0,1,0,3
GRC10,-5.478217742379627,21560.35335336576,33693.21147659635,4.71298907760393,1.48,75.48254,0.8257421,20.1,29.93,40.062385,57.0,100.0,44.0,70.78,70.78,0.024,Greece,GRC,2010,0,1,0,1,0,0,0,0,0,0,0,0,0,0,0,1,0,0,1,1,0,0,0,1,1,1,0,1,0,3
GRC11,-10.1493148298685,19400.80773265826,30318.40466803834,3.3298532335065,1.4,78.68189,1.040964,16.1,29.13,42.99381,,100.0,,94.629,94.629,0.036,Greece,GRC,2011,0,1,0,0,0,0,0,0,0,0,0,0,0,0,0,0,0,0,1,0,0,0,0,0,0,0,0,1,0,1
GRC12,-7.086696786380244,18123.67109719141,28322.57305813684,1.50152696177748,1.34,73.13984,1.024102,13.0,29.31,42.926573,,100.0,,113.455,113.455,0.046,Greece,GRC,2012,1,0,0,1,0,0,0,0,0,0,0,0,0,0,0,0,0,0,1,1,0,0,0,0,1,0,1,1,0,2
GRC13,-2.515997221896512,17796.2576680722,27810.91122556909,-0.921269454256898,1.29,64.07535,0.9472252,11.85,28.51,41.302539,,100.0,,1350.179,1350.179,0.544,Greece,GRC,2013,0,1,0,0,0,0,0,0,0,0,0,0,0,0,0,0,0,0,1,0,0,0,0,0,0,0,0,1,0,1
GRC14,0.4756959471370408,18000.4184639065,28129.96132444892,-1.31226096405516,1.3,69.3348,1.003475,13.3,27.93,40.407884,,100.0,,1322.167,1322.167,0.614,Greece,GRC,2014,0,1,0,0,0,0,0,0,0,1,0,0,0,0,0,0,0,0,1,0,0,1,0,0,1,0,1,1,1,2
GRC16,-0.4871732943019538,18070.78073228537,28239.91920638188,-0.825653978391008,1.38,66.2042,0.7371221,13.0,24.52,40.493172,,100.0,,1254.117,1254.117,0.682,Greece,GRC,2016,1,1,1,1,0,0,0,0,0,0,0,0,0,0,0,0,0,0,3,1,0,0,0,0,1,0,1,0,0,4
GRC21,8.434425501673815,18907.84914480152,29548.03891022165,1.22382501019855,1.39,,,,20.72,,,100.0,,2082.851,2082.851,1.012,Greece,GRC,2021,0,0,0,0,0,0,0,0,0,0,0,0,0,0,0,0,0,0,0,0,0,0,0,0,0,0,0,0,1,0
HUN18,5.36234836176223,14377.42416029389,31117.27838134258,2.85024792594642,1.55,27.69214,3.356551,28.975,32.26,45.041322,,100.0,,7968.142,5875.894,3.805,Hungary,HUN,2018,1,0,0,0,1,0,0,0,0,0,0,0,0,0,0,0,0,0,1,1,0,0,0,0,1,0,1,0,0,2
ISL06,6.316993086370744,50731.69068817126,49956.84864529959,6.68707906136661,2.08,,,72.05,78.63,31.760389,9.0,,,21627.689,20850.413,121.899,Iceland,ISL,2006,0,0,0,0,0,0,0,0,0,0,0,0,0,0,0,0,0,0,0,0,0,0,0,0,0,0,0,0,1,0
ISL07,8.454860096129508,53646.3690202759,52827.01012250494,5.05155736492145,2.09,,,74.225,79.88,30.539833,18.0,,,28097.03,27196.471,121.281,Iceland,ISL,2007,0,0,0,0,0,0,0,0,0,1,0,0,0,0,0,0,0,0,0,0,0,1,0,0,0,0,0,1,0,1
ISL08,2.209496418820976,53821.47082221005,52999.43753618036,12.6943942775878,2.15,,,71.7,78.15,30.936688,32.0,,,14679.437,13876.783,105.261,Iceland,ISL,2008,0,0,0,0,0,0,0,0,0,1,0,0,0,0,0,0,0,0,0,0,0,1,0,0,0,0,0,1,0,1
ISL12,1.06363660743763,49191.57441716204,48440.25508408973,5.18589988750705,2.04,,,65.4,75.68,33.818231,,76.9830296686176,,19892.29,18772.808,131.235,Iceland,ISL,2012,1,0,0,0,0,0,0,0,0,0,0,0,0,0,0,0,0,0,1,0,0,0,0,0,0,0,0,0,0,1
ISL15,4.436663719371722,52951.68151108975,52142.9328074888,1.63305558181333,1.8,13.99976,,73.1,80.18,34.277062,,77.8331357950941,,26650.614,25277.435,141.753,Iceland,ISL,2015,0,0,0,0,0,0,0,0,0,0,0,0,0,0,0,0,0,0,0,0,0,0,0,0,0,0,0,0,1,0
ISL16,6.303687106501755,55513.6423015865,54665.76391581375,1.6969276199774,1.74,14.04619,,77.6,83.02,33.901883,,77.8331357950941,,32359.333,30524.309,137.089,Iceland,ISL,2016,0,1,0,0,0,0,0,0,0,0,0,0,0,0,0,0,0,0,1,0,0,0,0,0,0,0,0,0,1,1
ISL18,4.889172994865447,57697.80442374272,56816.56660094479,2.68291768267388,1.71,,,75.4,80.3,33.22011,,78.3127563919724,,38795.962,36437.12,149.038,Iceland,ISL,2018,1,0,0,1,0,0,0,0,0,0,0,0,0,0,0,0,0,0,1,1,0,0,0,0,1,0,1,0,0,2
ISR03,1.393912964051736,28010.60745569582,29114.04006365325,0.702756121664654,2.95,30.22389,25.80656,24.4208,53.6,27.655171,37.0,,31.0,31802.212,31752.233,23.251,Israel,ISR,2003,0,0,0,0,0,0,0,0,0,0,0,0,0,0,0,0,0,0,0,0,0,0,0,0,0,0,0,0,1,0
ISR09,0.8831203935653775,31852.26719732231,33107.03578163416,3.35617818988107,2.96,23.99025,31.82349,26.79578,52.74,21.299795,25.0,,23.0,94678.057,94426.323,42.668,Israel,ISR,2009,0,1,0,0,0,0,1,0,0,0,0,0,0,0,0,0,0,0,1,0,1,0,0,0,1,0,1,0,0,2
ISR12,2.587653843843455,34491.16010711808,35849.8836124427,1.67920719398055,3.05,21.64244,28.92183,43.48333,52.46,20.392396,,74.6884055622459,,130094.5,129419.232,47.655,Israel,ISR,2012,0,0,0,0,0,0,0,0,0,0,0,0,0,0,0,0,0,0,0,0,0,0,0,0,0,0,0,0,1,0
ISR13,4.415501587379239,35348.30685371524,36740.7962697398,1.57025539211264,3.03,20.32987,30.37046,44.4,52.51,20.35099,,74.6968994061306,,153613.073,152678.638,49.312,Israel,ISR,2013,0,0,0,1,0,0,0,0,0,0,0,0,0,0,0,0,0,0,0,1,0,0,0,0,0,0,0,1,0,1
ISR14,3.919126892809516,36035.25775228837,37454.80848866274,0.479786761439352,3.08,19.05115,30.84231,44.46667,52.53,21.069465,,74.8893300019765,,154304.795,153546.836,53.136,Israel,ISR,2014,0,0,0,1,0,0,0,0,0,0,0,0,0,0,0,0,0,0,0,1,0,0,0,0,0,0,0,1,0,1
ISR16,4.52168030880658,37109.02181624881,38570.87175242814,-0.551552352993539,3.11,21.216,32.9842,44.28333,51.29,22.278929,,75.1006801251094,,177293.228,175958.326,54.886,Israel,ISR,2016,0,0,0,1,0,0,0,0,0,0,0,0,1,0,0,1,0,0,0,1,0,0,1,1,1,1,0,0,0,3
ISR18,4.070321887439704,38744.16044048107,40270.42401993331,0.794075660242686,3.09,,,43.71667,49.88,22.431454,,75.5838196547441,,203223.503,198894.991,55.342,Israel,ISR,2018,0,0,0,0,0,0,0,0,0,0,0,0,0,0,0,0,0,0,0,0,0,0,0,0,0,0,0,0,1,0
ISR21,8.611990348469888,40802.14161871991,42409.47604043157,1.51020047690541,3.0,,,,45.75,,,76.8571794725247,,360568.55,342308.984,67.299,Israel,ISR,2021,0,0,0,0,0,0,0,0,0,0,0,0,0,0,0,0,0,0,0,0,0,0,0,0,0,0,0,0,1,0
ITA05,0.817848973650598,33257.76980326837,44260.82741735146,1.98529298527983,1.34,23.40794,4.996476,25.675,33.85,45.904517,32.0,,25.0,55899.781,47004.761,2.668,Italy,ITA,2005,0,0,0,0,0,0,1,0,0,0,0,0,0,0,0,0,0,0,0,0,1,0,0,0,0,0,0,0,0,1
ITA07,1.487072980367856,34081.09032987092,45356.53671934852,1.829741122024,1.4,25.72023,5.209361,24.55,30.82,46.388348,34.0,,27.0,87511.042,73811.783,3.105,Italy,ITA,2007,0,0,0,0,0,0,1,0,0,0,0,0,0,0,0,0,0,0,0,0,1,0,0,0,0,0,0,0,0,1
ITA12,-2.980905768237719,31184.55842558958,41501.71123097048,3.04136333226773,1.43,31.28338,5.831435,18.45,28.56,47.722719,,93.470148695187,,141035.477,115636.631,5.396,Italy,ITA,2012,1,1,1,1,0,0,0,0,0,0,0,0,0,0,0,0,0,0,3,1,0,0,0,0,1,0,1,1,0,4
ITA13,-1.841065450882482,30257.62742593508,40268.11278927734,1.21999342274305,1.39,30.56351,5.673296,16.275,27.14,47.838911,,93.6239245801559,,163358.56,132168.172,5.942,Italy,ITA,2013,0,1,0,0,0,0,0,0,0,0,0,0,0,0,0,0,0,0,1,0,0,0,0,0,0,0,0,1,0,1
ITA14,-0.0045475423638379,29979.91872173579,39898.52646098261,0.241047429826773,1.37,30.57136,5.74337,15.575,27.14,47.780933,,94.0108672291188,,162888.585,130657.933,6.613,Italy,ITA,2014,1,0,0,0,0,0,0,0,0,0,1,0,0,0,0,0,0,0,1,0,0,1,0,0,1,0,1,1,1,2
ITA15,0.7783043507165814,30242.38613521843,40247.82904379417,0.0387903996579552,1.35,30.44246,5.673863,15.625,26.19,47.828028,,95.4951862671541,,154990.598,122474.395,6.796,Italy,ITA,2015,1,0,0,0,0,0,0,0,0,0,0,0,0,0,0,0,0,0,1,0,0,0,0,0,0,0,0,1,0,1
ITA17,1.667859041068567,31244.22709892243,41581.12079054799,1.22653316645808,1.32,30.8784,5.660559,17.075,26.18,47.676882,,100.0,,200850.369,157386.538,7.557,Italy,ITA,2017,1,0,0,0,0,0,0,0,0,0,0,0,0,0,0,0,0,0,1,0,0,0,0,0,0,0,0,0,0,1
JPN01,0.3861034261457519,31476.05206657895,36375.5864162464,-0.740055504162799,1.33,52.48573,11.60899,42.05816,46.19,29.883094,35.0,,30.0,535081.214,535081.214,13.265,Japan,JPN,2001,0,0,0,0,0,0,1,0,0,0,0,0,0,0,0,0,0,0,0,0,1,0,0,0,0,0,0,0,0,1
JPN12,1.374750999208743,33518.44493689205,38735.8963494252,-0.0440645104433029,1.41,52.72935,8.709679,38.3361,41.5,31.274649,,100.0,,965097.133,965097.133,16.69,Japan,JPN,2012,0,0,0,0,1,0,0,1,0,0,1,0,0,0,0,0,0,0,0,1,1,1,0,0,1,0,1,1,0,3
JPN13,2.005100176772601,34239.88624736835,39569.63657446902,0.335037912184809,1.43,52.34697,8.433946,39.50899,42.47,31.575901,,100.0,,867930.465,867930.465,17.966,Japan,JPN,2013,0,0,0,0,0,0,0,0,0,1,0,0,0,0,0,0,0,0,0,0,0,1,0,0,0,0,0,1,0,1
JPN14,0.2962055141426276,34386.905855287,39739.54112416971,2.75922671353253,1.42,51.12264,8.736232,40.0433,42.96,31.960026,,100.0,,869084.027,869084.027,20.209,Japan,JPN,2014,0,0,0,0,1,0,2,0,0,1,0,0,0,0,0,0,1,0,0,1,2,1,0,1,1,1,0,1,0,5
JPN17,1.675331751665027,35861.97285458378,41444.21574439138,0.484199796126387,1.43,51.51974,7.781696,42.56338,44.59,32.515095,,100.0,,1623544.686,983196.661,20.07,Japan,JPN,2017,1,0,0,0,0,0,1,0,0,0,0,0,0,0,0,0,0,0,1,0,1,0,0,0,1,0,1,1,0,2
JPN18,0.6433910234603388,36138.52908247195,41763.82046944452,0.989094598021806,1.42,,,45.97301,47.39,32.639688,,100.0,,1693427.953,1024786.854,20.404,Japan,JPN,2018,0,1,0,1,0,0,0,0,0,0,0,0,0,0,0,1,0,0,1,1,0,0,0,1,1,1,0,1,0,3
KOR05,4.308542714112363,21193.35751352983,28640.70623609087,2.75379162735036,1.085,,,30.48404,31.33,17.305513,43.0,,35.0,69382.329,14814.43,1.567,Korea,KOR,2005,0,0,0,0,0,0,0,0,0,1,0,0,0,0,0,0,0,0,0,0,0,1,0,0,0,0,0,1,0,1
KOR06,5.264326594667239,22192.18512079444,29990.52200086058,2.24234028518923,1.132,,,27.9804,28.72,18.162303,40.0,,33.0,70666.401,27260.517,2.52,Korea,KOR,2006,0,0,0,0,0,0,0,0,0,0,0,0,0,0,0,0,1,0,0,0,0,0,0,1,0,0,0,1,0,1
KOR08,3.012984872811671,23882.73049514929,32275.12525047638,4.6738965553341,1.192,48.91094,1.911214,23.65927,24.14,19.980942,42.0,,33.0,62432.062,24328.791,2.651,Korea,KOR,2008,0,0,0,0,0,0,0,0,0,0,0,0,0,0,0,0,0,0,0,0,0,0,0,0,0,0,0,0,1,0
KOR10,6.804824917836712,25451.00415546657,34394.49048905508,2.93928652655687,1.226,45.60062,1.883901,22.67653,23.23,20.147852,28.0,83.4558511667518,25.0,160878.221,40729.181,3.507,Korea,KOR,2010,0,0,0,0,0,0,2,0,0,0,0,0,0,0,0,0,0,0,0,0,2,0,0,0,1,0,1,0,0,2
KOR12,2.402530992461863,26675.4401708559,36049.19348735386,2.18707104433313,1.297,44.48861,2.714984,24.10739,24.54,21.045521,,84.3507632467153,,249291.752,63611.962,4.731,Korea,KOR,2012,1,0,0,0,0,0,0,0,0,0,0,0,0,0,0,0,0,0,1,0,0,0,0,0,0,0,0,0,0,1
KOR14,3.2024537945736,28094.91770298682,37967.47561799498,1.27477446401322,1.205,43.2555,3.638985,25.59885,26.63,21.705239,,85.4478995222888,,326938.514,98792.783,6.948,Korea,KOR,2014,0,0,0,0,0,0,1,0,0,0,0,0,0,0,0,0,0,0,0,0,1,0,0,0,0,0,0,0,0,1
KOR15,2.80910326824133,28732.23107625986,38828.7409976118,0.706331772455739,1.239,42.82269,3.950462,26.72864,28.17,22.02509,,85.4829395961659,,343461.93,108919.142,7.699,Korea,KOR,2015,0,0,0,0,0,0,0,0,0,0,0,0,0,0,0,0,0,0,0,0,0,0,0,0,0,0,0,0,1,0
KOR18,2.90740377377135,31053.63792891005,41965.89053509105,1.47583935002643,0.977,,,26.17167,27.33,22.992658,,85.8908787194124,,455006.576,170756.653,10.058,Korea,KOR,2018,0,0,0,0,0,0,0,0,0,0,0,0,0,0,0,0,0,0,0,0,0,0,0,0,0,0,0,0,1,0
LVA05,10.72036595656488,10526.45225066926,20331.70003166107,6.74845027893117,1.39,46.60663,0.0,32.225,38.01,43.142779,31.0,,,197.934,61.115,0.379,Latvia,LVA,2005,0,0,0,0,0,0,0,0,0,0,0,0,0,0,0,0,0,0,0,0,0,0,0,0,0,0,0,0,1,0
LVA07,9.941921627623998,13185.06932400345,25466.7829206417,10.0929775849168,1.54,34.41394,0.0,38.125,42.61,42.248624,28.0,,,638.786,135.36,0.405,Latvia,LVA,2007,0,0,0,0,0,0,0,0,0,0,0,0,0,0,0,0,0,0,0,0,0,0,0,0,0,0,0,0,1,0
LVA09,-14.26014003771317,11237.10892852122,21704.32378518298,3.53410672858941,1.46,34.21577,0.0,27.5,41.23,40.885,31.0,,,1643.087,188.767,0.69,Latvia,LVA,2009,0,0,0,0,0,0,0,0,0,0,0,0,0,0,0,0,0,0,0,0,0,0,0,0,0,0,0,0,1,0
LVA14,1.902172683805063,13162.65455990565,25423.48910720253,0.620490636732377,1.65,37.11859,9.37603,32.5,40.41,43.020093,,100.0,,2813.121,342.429,1.194,Latvia,LVA,2014,0,0,0,0,0,0,0,0,0,0,0,0,0,0,0,0,0,0,0,0,0,0,0,0,0,0,0,0,1,0
LVA17,3.312475935874588,14845.33489463827,28673.56339626641,2.93036312374664,1.69,32.17425,13.10362,32.975,39.74,42.909751,,100.0,,4448.308,520.887,1.61,Latvia,LVA,2017,0,0,0,0,0,0,0,0,0,0,0,0,0,0,0,0,1,0,0,0,0,0,0,1,0,0,0,1,1,1
LVA18,3.991854504707476,15558.69177972107,30051.40256350354,2.53445424186602,1.6,,,33.1,37.71,42.309595,,100.0,,4659.61,528.875,1.584,Latvia,LVA,2018,1,0,0,1,0,0,1,0,0,0,0,0,0,0,0,0,0,0,1,1,1,0,0,0,1,0,1,1,0,3
LVA20,-2.202985338251423,15826.4126578529,30568.50181563222,0.219064904842049,1.55,,,,34.83,,,100.0,,7003.563,748.393,2.013,Latvia,LVA,2020,0,0,0,0,0,0,0,0,0,0,0,0,0,0,0,0,0,0,0,0,0,0,0,0,0,0,0,0,1,0
LVA21,4.064016103551666,16609.07514646079,32080.20381792812,3.27582937431157,1.57,,,,32.71,,,100.0,,7637.7,826.983,2.174,Latvia,LVA,2021,0,0,0,0,0,0,0,0,0,0,0,0,0,0,0,0,0,0,0,0,0,0,0,0,0,0,0,0,1,0
LTU12,3.8438647490634,12678.69268598791,27330.89594838576,3.08998277055416,1.6,37.62869,5.191889,21.5,29.29,40.916591,,98.77740361204,,1886.619,1886.619,4.28,Lithuania,LTU,2012,0,0,0,0,0,0,0,0,0,0,0,0,0,0,0,0,0,0,0,0,0,0,0,0,0,0,0,0,1,0
LTU18,3.993310327953267,16443.58528757759,35446.70808291397,2.69792779208397,1.63,,,32.425,36.48,40.634131,,98.9739541124377,,3739.065,3739.065,7.175,Lithuania,LTU,2018,0,0,0,1,1,1,1,0,0,0,0,0,0,0,0,0,0,0,0,3,1,0,0,0,1,0,1,0,0,4
LTU19,4.625103139076742,17249.71844310766,37184.45360132105,2.33450937988024,1.61,,,,37.32,,,99.09153197718,,4517.327,4517.327,8.22,Lithuania,LTU,2019,0,0,0,0,0,0,0,0,0,0,0,0,0,0,0,0,0,0,0,0,0,0,0,0,0,0,0,0,1,0
LUX05,2.482874748114725,101222.0456644007,108632.3600158055,2.48769665164086,1.63,44.78622,1.647359,24.9,28.83,33.394871,8.0,,7.0,377.832,377.832,1.058,Luxembourg,LUX,2005,0,0,0,0,0,0,0,0,0,1,0,0,0,0,0,0,0,0,0,0,0,1,0,0,0,0,0,0,1,1
LUX12,1.649902029786517,104487.7442387039,112137.1354913279,2.66284165508017,1.57,45.23293,2.131326,21.725,26.77,37.078398,,100.0,,1189.597,1189.597,1.938,Luxembourg,LUX,2012,1,0,0,0,0,0,0,0,0,0,0,0,0,0,0,0,0,0,1,0,0,0,0,0,0,0,0,1,0,1
LUX13,3.171790499160053,105338.9560592834,113050.6632543361,1.73403963519166,1.55,45.13812,2.15172,21.925,25.9,38.223856,,100.0,,1322.695,1322.695,1.954,Luxembourg,LUX,2013,1,0,0,0,1,0,0,0,0,0,0,0,0,0,0,0,0,0,1,1,0,0,0,0,1,0,1,1,0,2
LUX14,2.623086015771918,105583.9370141227,113313.5788979435,0.628543985440705,1.5,43.92007,2.52712,20.35,26.32,38.635,,100.0,,1801.372,1801.372,2.865,Luxembourg,LUX,2014,0,0,0,2,0,0,0,0,0,0,0,0,0,0,0,0,0,0,0,2,0,0,0,0,1,0,1,1,0,2
LUX19,2.319925200937377,106729.0248824239,114542.4969339557,1.74332075653843,1.34,,,,34.62,,,100.0,,2020.042,2020.042,2.883,Luxembourg,LUX,2019,0,0,0,0,0,0,1,0,0,0,0,0,0,0,0,0,0,0,0,0,1,0,0,0,0,0,0,0,1,1
MEX02,-0.0398444814685348,8646.180868327365,17324.35365215523,5.03072733151299,2.623,,,,47.24,15.874748,47.0,,38.0,31515.918,31515.918,4.359,Mexico,MEX,2002,0,0,0,0,0,0,0,0,0,1,0,0,0,0,0,0,0,0,0,0,0,1,0,0,0,0,0,0,0,1
MEX05,2.307807065917359,8925.255441264253,17883.53540772013,3.98805714597435,2.495,,,44.56959,47.89,14.743151,55.0,,45.0,77924.905,77203.026,8.701,Mexico,MEX,2005,0,0,0,0,0,0,0,0,0,0,0,0,0,0,0,0,0,0,0,0,0,0,0,0,0,0,0,0,1,0
MEX06,4.495077894214077,9200.421932244137,18434.88653899484,3.62946762439129,2.456,,,44.97155,48.38,15.054513,50.0,,40.0,97911.129,96665.5,9.894,Mexico,MEX,2006,0,0,0,0,0,0,0,0,0,0,0,0,0,0,0,0,0,0,0,0,0,0,0,0,0,0,0,0,1,0
MEX07,2.291445714298021,9288.18201392369,18610.73142527615,3.96684905458234,2.421,,,44.88049,48.35,15.937642,54.0,,44.0,112399.085,103622.112,9.788,Mexico,MEX,2007,0,0,0,0,0,0,1,0,0,0,0,0,0,1,0,0,0,0,0,0,1,0,1,0,1,0,1,1,1,2
MEX08,1.143584587194013,9276.074346874308,18586.47129134413,5.12498274575897,2.391,,,44.07472,47.72,15.082913,53.0,,43.0,98124.73,90798.782,9.95,Mexico,MEX,2008,0,0,0,0,0,0,1,0,0,1,0,0,0,1,0,0,0,0,0,0,1,1,1,0,1,0,1,1,1,3
MEX09,-5.285744136817513,8677.776544426439,17387.6619121784,5.29735584228859,2.364,,,42.1897,46.92,15.323398,58.0,,47.0,116944.426,107810.618,11.575,Mexico,MEX,2009,0,0,0,0,0,0,0,0,0,1,0,0,0,0,0,0,0,0,0,0,0,1,0,0,0,0,0,1,1,1
MEX10,5.118118143211632,9001.705095172758,18036.71758850789,4.15672722680176,2.34,,,42.48571,47.07,15.984065,59.0,75.1392635012653,46.0,146062.148,134749.416,12.457,Mexico,MEX,2010,0,0,0,0,0,0,0,0,0,0,0,0,0,0,0,0,0,0,0,0,0,0,0,0,0,0,0,0,1,0
MEX11,3.663007929500935,9199.165379983717,18432.36878507858,3.40737824605736,2.317,,,42.27063,46.86,18.730213,,75.9828798128724,,142650.391,132380.799,12.629,Mexico,MEX,2011,0,0,0,0,0,0,0,0,0,0,0,0,0,0,0,0,0,0,0,0,0,0,0,0,0,0,0,0,1,0
MEX12,3.642322679413468,9401.997683718151,18838.78389661632,4.11150981070293,2.294,,,42.79784,47.22,19.008463,,76.9629530750006,,181574.006,168563.291,13.864,Mexico,MEX,2012,0,0,0,0,0,0,0,0,0,0,0,0,0,1,0,0,0,0,0,0,0,0,1,0,0,0,0,1,1,1
MEX13,1.354091961516787,9404.616060129598,18844.03033774878,3.80639069747207,2.269,,,41.97339,46.34,19.257555,,77.4776028775888,,194770.38,181254.669,14.561,Mexico,MEX,2013,0,0,0,0,0,0,0,0,0,1,0,0,0,0,0,0,0,0,0,0,0,1,0,0,0,0,0,1,1,1
MEX14,2.849773254906879,9553.286174076013,19141.92066305402,4.01861608078673,2.211,,,41.24504,45.54,19.529179,,78.3390207633065,,195520.678,181880.956,15.31,Mexico,MEX,2014,0,0,0,0,0,0,0,0,0,0,0,0,0,0,0,1,0,0,0,0,0,0,0,1,0,0,0,1,1,1
MEX15,3.293151528333865,9753.400562322257,19542.88988699917,2.7206406496403,2.137,,,40.95737,44.83,19.800317,,78.4760933220371,,175939.065,163963.459,15.191,Mexico,MEX,2015,0,0,0,0,0,0,0,0,0,0,0,0,0,0,0,0,0,0,0,0,0,0,0,0,0,0,0,0,1,0
MEX16,2.630532424550893,9897.170878059322,19830.96248603939,2.82170784747653,2.086,,,40.80734,44.23,20.107327,,78.5219693934318,,156502.576,145819.631,15.018,Mexico,MEX,2016,0,0,0,0,0,0,0,0,0,0,0,0,0,0,0,0,0,0,0,0,0,0,0,0,0,0,0,0,1,0
MEX17,2.113129135496948,9997.707941686249,20032.40861259482,6.04145724018992,2.041,,,40.75231,43.81,20.366124,,79.6074606683523,,185638.118,173620.765,15.662,Mexico,MEX,2017,0,0,0,0,0,0,1,0,0,0,0,0,0,0,0,0,0,0,0,0,1,0,0,0,0,0,0,1,1,1
MEX18,2.194994725226977,10120.38482925532,20278.21630706228,4.89935015356549,1.996,,,40.7422,43.79,19.654126,,80.2788628146706,,194030.814,181696.803,15.203,Mexico,MEX,2018,0,0,0,0,0,0,0,0,0,1,0,0,0,0,0,0,0,0,0,0,0,1,0,0,0,0,0,1,1,1
MEX19,-0.199047772272948,10013.7242540995,20064.50049971542,3.6359614212705,1.916,,,,44.88,,,80.4587844969523,,241099.407,232007.208,17.885,Mexico,MEX,2019,0,0,0,0,0,0,0,0,0,0,0,0,0,0,0,0,0,0,0,0,0,0,0,0,0,0,0,0,1,0
MEX20,-7.987912340147489,9147.07274359347,18327.99076323964,3.39683415569999,1.905,,,,39.99,,,80.4865521482288,,264178.211,254939.782,21.706,Mexico,MEX,2020,0,0,0,0,0,0,0,0,0,0,0,0,0,0,0,0,0,0,0,0,0,0,0,0,0,0,0,0,1,0
MEX21,4.720565297680807,9525.429718804884,19086.10468025631,5.68920847683764,1.822,,,,44.31,,,80.4865521482288,,284235.073,274812.89,21.922,Mexico,MEX,2021,0,0,0,0,0,0,0,0,0,0,0,0,0,0,0,0,0,0,0,0,0,0,0,0,0,0,0,0,1,0
NLD06,3.460988954115024,43592.30274492209,51097.36261133312,1.10150106517704,1.72,21.37965,41.27329,60.45,67.19,38.400642,6.0,,5.0,884865.96,884865.96,114.94,Netherlands,NLD,2006,0,0,0,0,0,0,1,0,0,0,0,0,0,0,0,0,0,0,0,0,1,0,0,0,0,0,0,0,0,1
NLD09,-3.66688393735825,44027.60255777063,51607.60572723178,1.18977687021549,1.79,22.46368,45.44136,62.9,70.03,38.021452,4.0,,3.0,979400.554,979400.554,108.804,Netherlands,NLD,2009,0,1,0,0,0,0,0,0,0,0,0,0,0,0,0,0,0,0,1,0,0,0,0,0,0,0,0,0,0,1
NLD12,-1.030353991484361,44242.97352613042,51860.0559942119,2.45554765291609,1.72,20.42437,52.98167,61.125,69.21,38.619973,,94.22799137295,,1229054.085,1229054.085,142.661,Netherlands,NLD,2012,0,1,0,0,0,0,0,0,0,0,0,0,0,0,0,0,0,0,1,0,0,0,0,0,0,0,0,1,0,1
NLD13,-0.1301752884499194,44055.30425904731,51640.07668623038,2.50689852657884,1.68,20.67779,52.13732,60.075,69.2,40.646542,,94.22799137295,,1335091.54,1335091.54,146.577,Netherlands,NLD,2013,0,0,0,0,0,0,0,0,0,1,0,0,0,0,0,1,0,0,0,0,0,1,0,1,1,1,0,1,0,2
NLD14,1.42339539510084,44521.89453902763,52186.99738612058,0.976035079699661,1.71,17.88139,56.86221,58.8,67.35,38.970531,,99.7731276357906,,1282009.469,1282009.469,157.236,Netherlands,NLD,2014,0,0,0,1,0,0,0,0,0,0,0,0,0,0,0,1,0,0,0,1,0,0,0,1,1,1,0,1,0,2
NLD16,2.19171371926123,45938.78504408647,53847.82655454482,0.316666666666663,1.66,16.45268,59.33701,60.825,68.2,37.245227,,99.7731276295859,,1360624.901,1360624.901,182.229,Netherlands,NLD,2016,1,0,0,0,0,0,0,0,0,0,0,0,0,0,0,0,0,0,1,0,0,0,0,0,0,0,0,0,0,1
NLD19,1.955588415740465,48443.73205402828,56784.03725298241,2.63369910249593,1.57,,,,70.01,,,99.7731276295982,,1773745.247,1773745.247,194.194,Netherlands,NLD,2019,0,0,0,0,0,0,1,0,0,1,0,0,0,0,0,0,0,0,0,0,1,1,0,0,1,0,1,0,0,2
NZL01,3.410881441700326,31690.09700642394,33645.74076416581,2.62581630392901,1.97,,,55.33973,62.97,19.36221,6.0,,6.0,7443.117,7443.117,15.277,New Zealand,NZL,2001,0,0,0,0,0,0,1,0,0,0,0,0,0,0,0,0,0,0,0,0,1,0,0,0,0,0,0,0,0,1
NZL06,2.798463491971191,35640.38445789908,37839.80642162742,3.36540196171992,2.01,,,58.01298,64.42,20.439708,5.0,,4.0,12405.649,12405.649,12.416,New Zealand,NZL,2006,0,0,0,0,0,0,1,0,0,0,0,0,0,0,0,0,0,0,0,0,1,0,0,0,0,0,0,1,0,1
NZL07,3.065117830826708,36391.89654095929,38637.69545057727,2.37614310290657,2.18,15.1126,,57.99985,64.51,21.075868,5.0,,4.0,14099.897,14099.897,11.5,New Zealand,NZL,2007,0,0,0,0,0,0,1,0,0,0,0,0,0,0,0,1,1,1,0,0,1,0,0,3,1,1,0,1,0,4
NZL08,-1.210711595678887,35647.4675995393,37847.32667463814,3.9589493731206,2.19,16.26756,,55.82085,63.03,20.511511,4.0,,3.0,15384.378,15384.378,10.386,New Zealand,NZL,2008,0,0,0,0,0,0,1,0,0,0,0,0,0,0,0,0,0,0,0,0,1,0,0,0,0,0,0,1,0,1
NZL09,-0.1120676302348329,35253.31347810524,37428.84870695601,2.1156511055456,2.13,18.4338,,51.08424,61.37,18.073907,3.0,,2.0,12370.91,12370.91,11.62,New Zealand,NZL,2009,0,0,0,0,0,0,0,0,0,1,0,0,0,0,0,0,0,0,0,0,0,1,0,0,0,0,0,1,0,1
NZL12,2.273031481884686,36501.18385804637,38753.72705309265,1.05991318445635,2.1,18.0161,,48.61132,59.27,16.387925,,90.1280012938688,,28406.414,28406.414,16.316,New Zealand,NZL,2012,0,0,0,0,1,0,0,0,0,0,0,0,0,0,0,1,0,0,0,1,0,0,0,1,1,1,0,1,0,2
NZL13,2.764920986577323,37223.30664487147,39520.41312794086,1.13442266445812,2.01,18.29556,,49.20079,57.89,16.888079,,90.1970867090388,,33830.523,33830.523,18.588,New Zealand,NZL,2013,0,0,0,1,0,0,0,0,0,1,0,0,0,0,0,0,0,0,0,1,0,1,0,0,1,0,1,1,0,2
NZL14,3.810836837918046,38005.28193021002,40350.64528939976,1.22750750597405,1.92,18.30134,,51.71151,60.05,17.247182,,90.43451483833,,40495.502,40495.502,21.315,New Zealand,NZL,2014,0,0,0,0,0,0,0,0,0,1,0,0,0,0,0,1,0,0,0,0,0,1,0,1,1,1,0,1,0,2
NZL15,3.736430715025392,38630.72658869284,41014.68708256246,0.292704628136101,1.99,18.73624,,53.07133,61.4,17.56015,,90.5268099658347,,39729.357,39729.357,22.721,New Zealand,NZL,2015,0,0,0,0,1,0,0,0,0,0,0,0,0,0,0,0,0,0,0,1,0,0,0,0,0,0,0,1,0,1
NZL19,2.445983155153726,40757.36815181666,43272.56690907923,1.61963190184049,1.72,,,,63.53,,,91.2801300063023,,65769.127,65769.127,30.211,New Zealand,NZL,2019,0,0,0,1,0,0,0,0,0,0,0,0,0,0,0,0,0,0,0,1,0,0,0,0,0,0,0,0,0,1
NZL21,5.167847359169969,41481.9867434011,44041.90280856867,3.94112060778728,1.64,,,,64.85,,,91.3111326777206,,90144.155,90144.155,36.855,New Zeland,NZL,2021,0,0,0,0,0,0,0,0,0,0,0,0,0,0,0,0,0,0,0,0,0,0,0,0,0,0,0,0,1,0
POL04,4.98284456986049,8261.227441447103,18198.10004437097,3.38264681884694,1.23,40.35479,9.404012,21.725,35.14,38.444196,38.0,,30.0,20951.584,20925.632,6.706,Poland,POL,2004,0,0,0,0,0,0,1,0,0,0,0,0,0,0,0,0,0,0,0,0,1,0,0,0,0,0,0,0,0,1
POL08,4.19998126444942,10139.1191437268,22334.7808599997,4.1649719352477,1.39,46.60875,15.18778,27.375,33.07,34.692522,43.0,,34.0,47492.802,47136.671,10.86,Poland,POL,2008,1,0,0,0,0,0,0,0,0,0,0,0,0,0,0,0,0,0,1,0,0,0,0,0,0,0,0,1,0,1
POL09,2.832184053188968,10419.21487030627,22951.78482102383,3.79539242483406,1.4,45.06995,17.02829,26.775,33.77,34.123775,44.0,,35.0,64136.547,63626.418,13.218,Poland,POL,2009,0,0,0,1,0,0,0,0,0,0,0,0,0,0,0,0,0,0,0,1,0,0,0,0,0,0,0,1,0,1
POL11,5.042187882929426,11291.90358655918,24874.17186078585,4.23940149625935,1.33,48.29941,18.80658,24.9,33.53,34.321659,,100.0,,67589.74,67016.509,14.741,Poland,POL,2011,0,0,0,0,1,0,0,0,0,0,0,0,0,0,0,0,0,0,0,1,0,0,0,0,0,0,0,1,0,1
POL12,1.545221571256093,11466.4159300003,25258.59331721324,3.56037151702788,1.33,45.2406,19.81515,24.675,33.58,35.51103,,100.0,,89243.817,88464.274,17.002,Poland,POL,2012,1,0,0,0,0,0,1,0,0,1,0,0,0,0,0,0,0,0,1,0,1,1,0,0,1,0,1,1,0,3
POL13,0.85655708060645,11571.61484874778,25490.32891116644,0.99198260633235,1.29,44.42262,20.2094,24.2,33.3,35.569952,,100.0,,102911.37,100563.477,18.581,Poland,POL,2013,0,0,0,0,0,0,0,0,0,0,0,0,0,0,0,0,0,0,0,0,0,0,0,0,0,0,0,0,1,0
POL14,3.836958493517969,12024.60950709939,26488.20025300717,0.0538213132400467,1.32,46.05909,10.02191,25.8,33.86,35.675176,,100.0,,47051.85,43125.798,8.894,Poland,POL,2014,0,1,0,0,0,0,1,0,0,1,1,1,0,0,0,0,1,0,1,0,1,3,0,1,1,1,0,1,0,6
POL15,4.383298635072762,12560.05141968203,27667.68908347345,-0.874125874125849,1.32,47.52027,8.982535,26.0,32.83,35.729066,,100.0,,40470.125,36607.521,7.941,Poland,POL,2015,1,0,0,0,0,0,0,0,0,0,0,0,0,0,0,0,0,0,1,0,0,0,0,0,0,0,0,1,0,1
POL17,5.140017574094458,13599.81801911475,29958.12070920745,2.07593553673862,1.48,47.11093,9.890125,29.625,34.8,35.660393,,100.0,,57641.746,51854.947,9.104,Poland,POL,2017,0,0,0,1,0,0,0,0,0,0,0,0,0,0,0,0,0,0,0,1,0,0,0,0,0,0,0,1,0,1
POL18,5.945208477054976,14408.384388723,31739.25696177226,1.81295156542681,1.46,,,30.975,35.09,35.750703,,100.0,,47986.798,42235.066,7.467,Poland,POL,2018,0,0,0,1,0,0,0,0,0,0,0,0,0,0,0,0,0,0,0,1,0,0,0,0,0,0,0,1,0,1
POL19,4.450036363636372,15053.23935526845,33159.76442007412,2.227478809383,1.44,,,,35.19,,,100.0,,47760.665,41027.752,6.808,Poland,POL,2019,0,0,0,0,0,0,1,0,0,0,0,0,0,0,0,0,0,0,0,0,1,0,0,0,0,0,0,1,0,1
PRT17,3.506345284812397,20441.48580410835,33044.71673874793,1.36861411643481,1.38,43.80917,5.889122,25.875,33.98,41.402359,,100.0,,45600.614,23693.56,10.082,Portugal,PRT,2017,1,0,0,0,0,0,0,0,0,0,0,0,0,0,0,0,0,0,1,0,0,0,0,0,0,0,0,1,0,1
PRT18,2.849325934361786,21057.61747842322,34040.72538736647,0.99371568346825,1.42,44.7372,5.815191,27.25,34.18,40.710546,,100.0,,44543.465,22289.986,9.488,Portugal,PRT,2018,1,0,0,0,0,0,0,0,0,0,0,0,0,0,0,0,0,0,1,0,0,0,0,0,0,0,0,1,1,1
SVK03,5.499083076991568,10177.72141895484,17886.3593018151,8.55414305406651,1.2,72.6738,0.0730104,27.35,40.81,42.508074,30.0,,,8.355,8.355,0.016,Slovak Republic,SVK,2003,0,0,0,0,0,0,0,0,0,0,0,0,0,0,0,1,0,0,0,0,0,0,0,1,0,0,0,1,0,1
SVK04,5.278880717801442,10717.17317112071,18834.39349022025,7.54850088183419,1.25,68.10699,0.1145531,26.325,39.23,42.163718,20.0,,,0.0,0.0,0.0,Slovak Republic,SVK,2004,0,0,0,0,0,0,0,0,0,0,0,0,0,0,0,0,1,0,0,0,0,0,0,1,0,0,0,1,0,1
SVK05,6.62346125850533,11425.9001472696,20079.9124841553,2.70908494588391,1.27,66.71748,1.376797,25.625,36.58,38.007146,19.0,,,282.92,282.92,0.475,Slovak Republic,SVK,2005,0,0,0,0,0,0,1,0,0,0,0,0,0,0,0,0,0,0,0,0,1,0,0,0,0,0,0,1,1,1
SVK06,8.493176745338445,12395.75218096627,21784.33346702754,4.48333120449611,1.25,64.14179,5.282591,25.9,35.22,38.29833,20.0,,,1742.623,1742.623,2.348,Slovak Republic,SVK,2006,0,0,0,0,0,0,1,0,0,0,0,0,0,0,0,0,0,0,0,0,1,0,0,0,0,0,0,1,0,1
SVK08,5.574886345113001,14487.70653177663,25460.74055475777,4.59817976325028,1.34,60.73937,8.275949,26.25,32.4,38.835921,22.0,,,4417.184,4417.184,4.627,Slovak Republic,SVK,2008,0,0,0,0,0,0,0,1,0,0,0,0,0,0,0,0,0,0,0,0,1,0,0,0,0,0,0,1,0,1
SVK09,-5.455532867159789,13679.08440809154,24039.66551759945,1.61510464058236,1.44,62.4625,10.23132,22.825,31.31,37.714745,28.0,,,5713.028,5713.028,6.187,Slovak Republic,SVK,2009,0,0,0,0,0,0,0,0,0,1,0,0,0,1,0,0,0,0,0,0,0,1,1,0,1,0,1,1,1,2
SVK12,1.318802245562807,15126.03529877615,26582.54151680557,3.60610263522886,1.34,62.92916,13.82075,20.1,30.49,39.622236,,100.0,,8993.797,8993.797,9.255,Slovak Republic,SVK,2012,0,0,0,0,0,0,1,0,0,1,0,0,0,0,0,0,0,0,0,0,1,1,0,0,1,0,1,1,1,2
SVK13,0.6327400072941884,15205.39557805462,26722.0095186339,1.40047368963031,1.34,61.58269,13.59276,20.4,30.79,41.125287,,100.0,,9926.223,9926.223,9.662,Slovak Republic,SVK,2013,1,0,0,0,0,0,0,0,0,0,0,0,0,0,0,0,0,0,1,0,0,0,0,0,0,0,0,1,1,1
SVK14,2.697189807071254,15600.36716718019,27416.13381878932,-0.0761653295419824,1.37,59.7394,13.54834,21.775,31.66,41.250392,,100.0,,9644.606,9644.606,10.404,Slovak Republic,SVK,2014,0,0,0,0,0,0,1,0,0,0,0,0,0,0,0,0,0,0,0,0,1,0,0,0,0,0,0,1,0,1
SVK15,5.16718160614154,16390.88217485071,28805.3873539017,-0.325219777427739,1.4,61.69291,12.86646,23.325,31.78,41.368674,,100.0,,8749.853,8749.853,10.03,Slovak Republic,SVK,2015,0,0,0,1,0,0,1,0,0,0,0,0,0,0,0,0,0,0,0,1,1,0,0,0,1,0,1,1,0,2
SVK17,2.938068677849031,17151.65247766804,30142.36745211889,1.31194588223234,1.52,60.41306,13.35543,26.925,33.18,41.600402,,100.0,,11964.779,11964.779,11.783,Slovak Republic,SVK,2017,0,1,0,1,0,0,0,0,0,0,0,0,0,0,0,0,0,0,1,1,0,0,0,0,1,0,1,0,0,2
SVN11,0.8613277327193032,20746.988405299,33568.06734557904,1.80285171941907,1.56,49.92008,6.812169,31.55,37.5,42.647217,,100.0,,2881.878,2373.671,4.95,Slovenia,SVN,2011,0,1,0,0,0,0,0,0,0,1,0,0,0,0,0,0,0,0,1,0,0,1,0,0,1,0,1,0,0,2
SVN13,-1.02928277204056,19922.47429045502,32234.02575873389,1.76920085881896,1.55,48.75959,7.014071,26.575,33.85,42.372659,,100.0,,3209.139,2661.539,5.294,Slovenia,SVN,2013,0,0,0,0,0,0,0,0,0,0,0,0,0,0,0,0,0,0,0,0,0,0,0,0,0,0,0,0,1,0
SVN17,4.815380632313662,22563.75893981184,36507.5530416531,1.42910743319297,1.62,49.28619,7.652724,34.75,39.15,42.907803,,100.0,,3591.172,2944.901,5.709,Slovenia,SVN,2017,0,0,0,0,0,0,0,0,0,0,0,0,0,0,0,0,0,0,0,0,0,0,0,0,0,0,0,0,1,0
SVN20,-4.321369904510703,22928.76274019337,37098.11934039697,-0.0548568157606067,1.59,,,,31.47,,,100.0,,4615.894,3782.783,6.553,Slovenia,SVN,2020,0,0,0,0,0,0,0,0,0,0,0,0,0,0,0,0,0,0,0,0,0,0,0,0,0,0,0,0,1,0
ESP01,3.93300276489272,24707.36707368611,35873.87187767597,3.58983413338114,1.23,39.71091,6.969842,34.0,42.38,38.858001,18.0,,18.0,46077.713,34513.268,5.587,Spain,ESP,2001,0,0,0,0,0,0,0,0,0,0,0,0,0,0,0,0,0,0,0,0,0,0,0,0,0,0,0,0,1,0
ESP02,2.730948329309953,25026.08647102069,36336.63663892354,3.0656568590222,1.25,41.71663,8.300144,34.4,43.63,39.101446,17.0,,16.0,85241.063,43465.217,5.53,Spain,ESP,2002,0,0,0,0,0,0,0,0,0,1,0,0,0,0,0,0,0,0,0,0,0,1,0,0,0,0,0,0,0,1
ESP04,3.122733516626241,25654.33655159235,37248.82460417099,3.03924881090927,1.31,37.8032,7.950713,35.35,44.88,38.809975,21.0,,17.0,136722.694,75805.632,6.476,Spain,ESP,2004,0,0,0,0,0,0,0,0,0,0,0,0,0,0,0,0,0,0,0,0,0,0,0,0,0,0,0,0,1,0
ESP09,-3.763107042447302,25778.95646506525,37429.7665392627,-0.287813083535237,1.38,46.67536,8.16411,28.025,45.04,38.257526,27.0,,24.0,192368.792,122557.82,7.956,Spain,ESP,2009,0,0,0,0,0,0,0,0,0,0,0,0,0,0,0,0,0,0,0,0,0,0,0,0,0,0,0,0,1,0
ESP12,-2.958922132300245,24634.96208842388,35768.74342927206,2.44612782366812,1.32,46.5459,7.945216,18.4,39.03,40.615097,,100.0,,180436.962,114227.754,8.396,Spain,ESP,2012,1,0,0,2,0,0,0,0,0,0,0,0,0,0,0,0,0,0,1,2,0,0,0,0,1,0,1,0,0,3
ESP14,1.395775367279754,24783.08294686853,35983.80757116981,-0.151114837527181,1.32,42.03353,7.999133,16.7,35.71,40.716086,,100.0,,183600.209,121585.037,9.698,Spain,ESP,2014,1,0,0,1,0,0,0,0,0,1,0,0,0,0,0,0,0,0,1,1,0,1,0,0,1,0,1,0,0,3
ESP16,3.037774141724455,26514.32481196793,38497.48491576996,-0.202598000426425,1.34,40.34495,7.827117,18.35,33.05,39.379123,,100.0,,164240.517,112021.352,9.536,Spain,ESP,2016,1,0,0,0,0,0,0,0,0,0,0,0,0,0,0,0,0,0,1,0,0,0,0,0,0,0,0,0,0,1
ESP18,2.284469419476224,27739.86476825294,40276.90816397048,1.67498136863794,1.26,40.91595,7.602762,21.65,32.98,39.383824,,100.0,,173296.568,121437.379,8.81,Spain,ESP,2018,0,0,0,0,0,0,0,0,0,0,0,0,0,1,0,0,0,0,0,0,0,0,1,0,0,0,0,0,1,1
ESP20,-11.3254383222864,24785.44671469198,35987.23964484216,-0.322753017299705,1.19,,,,29.91,,,100.0,,199627.288,144680.052,10.546,Spain,ESP,2020,0,0,0,0,0,0,0,0,0,0,0,0,0,0,0,0,0,0,0,0,0,0,0,0,0,0,0,0,1,0
SWE06,4.662773551751258,47864.81086423089,47292.31369332655,1.36021468627688,1.85,12.19657,24.48409,40.275,51.34,47.75037,17.0,,14.0,234208.088,39093.73,8.597,Sweden,SWE,2006,0,0,0,0,0,0,0,0,0,0,0,0,0,0,0,0,0,0,0,0,0,0,0,0,0,0,0,0,1,0
SWE07,3.43922177600065,49145.19583324119,48557.38434772469,2.21216883436735,1.88,14.03746,24.59499,42.15,52.24,45.322344,15.0,,13.0,274642.79,41568.854,8.03,Sweden,SWE,2007,0,0,0,1,0,0,0,0,0,0,0,0,0,0,0,0,1,0,0,1,0,0,0,1,1,1,0,0,0,2
SWE09,-4.339790574529346,46043.48094499936,45492.76817493599,-0.494460544378046,1.94,14.94742,26.24639,38.25,51.02,43.233667,11.0,,10.0,242121.97,35954.191,7.658,Sweden,SWE,2009,0,1,0,0,0,0,0,0,0,0,0,0,0,0,0,0,1,0,1,0,0,0,0,1,1,1,0,1,0,2
SWE10,5.95210700755608,48369.91004078761,47791.37152459466,1.15798802715629,1.98,14.40532,25.08519,38.825,51.63,42.756325,9.0,50.2982851311266,8.0,280018.779,47126.548,8.848,Sweden,SWE,2010,0,0,0,0,0,0,0,0,0,1,0,0,0,1,0,0,1,0,0,0,0,1,1,1,1,1,0,1,0,3
SWE11,3.195333234889404,49539.97260764923,48947.43931121554,2.96115073822139,1.9,15.71395,28.24367,40.9,52.98,42.814102,,51.2823887460737,,322190.136,46714.143,8.631,Sweden,SWE,2011,0,0,0,0,0,0,0,0,0,0,0,0,0,0,0,0,1,0,0,0,0,0,0,1,0,0,0,1,0,1
SWE12,-0.5883045689907362,48885.54841797249,48300.84250015781,0.8883775069237,1.91,15.86142,28.35285,40.175,52.58,42.85535,,58.0741648560815,,377350.45,57406.103,9.976,Sweden,SWE,2012,0,1,0,0,0,0,0,0,0,0,0,0,0,0,0,0,0,0,1,0,0,0,0,0,0,0,0,1,0,1
SWE14,2.657798275316424,49855.30101231298,49258.99616395385,-0.17963849411465,1.88,13.72074,28.28027,42.75,55.45,42.46309,,58.5925239048372,,383673.965,47035.778,9.114,Sweden,SWE,2014,0,0,0,0,0,0,0,0,0,0,0,0,0,0,0,1,1,1,0,0,0,0,0,3,1,1,0,0,0,3
SWE16,2.070593150520963,51955.86107036343,51334.43203016408,0.984269244577978,1.85,13.59038,27.97877,44.45,54.84,42.842793,,59.2465403767547,,389264.086,20128.997,4.132,Sweden,SWE,2016,0,0,0,0,0,0,0,0,0,0,0,0,0,0,0,1,0,0,0,0,0,0,0,1,0,0,0,0,1,1
SWE18,1.950022845699834,52983.00686174822,52349.29242755991,1.95353530127029,1.76,14.81621,29.66518,45.125,54.09,43.062779,,60.4321824167041,,470565.865,21116.88,3.917,Sweden,SWE,2018,0,0,0,0,0,0,0,0,0,1,0,0,0,0,0,0,1,0,0,0,0,1,0,1,1,1,0,0,0,2
SWE19,1.986195873803908,53490.35181987459,52850.5691792533,1.78415097403832,1.71,,,,55.02,,,61.6053426658882,,539365.866,22839.784,4.206,Sweden,SWE,2019,0,0,0,0,0,0,0,0,0,0,0,0,0,0,0,0,0,0,0,0,0,0,0,0,0,0,0,0,1,0
CHE14,2.349881275086261,83394.37114237239,66930.86862711259,-0.0132025387515987,1.54,32.53656,32.39976,62.05,67.9,21.868976,,43.6104460410216,,880702.603,785906.324,116.785,Switzerland,CHE,2014,0,0,0,1,0,0,0,0,0,0,0,0,0,0,0,0,0,0,0,1,0,0,0,0,0,0,0,1,1,1
CHE15,1.644627686992848,83806.44760038373,67261.59400938566,-1.14390867228178,1.54,32.44774,33.29158,61.55,67.52,21.855054,,43.6646380024708,,892585.595,794357.594,117.975,Switzerland,CHE,2015,0,1,0,0,0,0,0,0,0,0,0,0,0,0,0,0,0,0,1,0,0,0,0,0,0,0,0,1,0,1
CHE17,1.362799557114158,84967.58854846985,68193.50549440944,0.533787839825886,1.52,32.19968,32.86118,63.125,68.67,22.09583,,43.726917945276,,1022637.36,916820.688,130.621,Switzerland,CHE,2017,0,0,0,0,0,0,0,0,0,1,0,0,0,0,0,0,0,0,0,0,0,1,0,0,0,0,0,0,0,1
CHE20,-2.375563279676527,84434.77849012919,67765.88142902593,-0.725874933313391,1.46,,,,65.02,,,57.7030793196379,,1330796.017,1206130.788,153.001,Switzerland,CHE,2020,0,0,0,0,0,0,0,0,0,0,0,0,0,0,0,0,0,0,0,0,0,0,0,0,0,0,0,0,1,0
TUR07,5.043507931571042,8377.149378979253,19757.8203114617,8.75618090972635,2.195,,,30.2,36.49,42.219318,59.0,,48.0,8793.676,8793.676,1.16,Turkey,TUR,2007,0,0,0,0,0,0,1,0,0,0,0,0,0,0,0,0,0,0,0,0,1,0,0,0,0,0,0,1,1,1
TUR08,0.8150245730077046,8344.552780013733,19680.94001292701,10.4441283764885,2.178,,,30.275,37.14,38.721943,60.0,,49.0,9309.041,9309.041,1.416,Turkey,TUR,2008,1,0,0,0,0,0,0,0,0,0,0,0,0,0,0,0,0,0,1,0,0,0,0,0,0,0,0,1,0,1
TUR10,8.427104322761906,8390.822380039368,19790.06859615172,8.56644420552977,2.137,72.93049,0.0,29.975,37.37,36.977973,65.0,1.08597042687301,52.0,16768.516,16768.516,2.213,Turkey,TUR,2010,0,0,0,0,0,0,0,0,0,1,0,0,0,0,0,0,0,0,0,0,0,1,0,0,0,0,0,0,0,1
TUR13,8.48581699653026,10138.79696358833,23912.73206654702,7.49309030547697,2.165,75.43015,0.0,32.225,38.82,37.35727,,1.08597042687301,,35543.012,35543.012,4.164,Turkey,TUR,2013,0,0,0,1,0,0,0,0,0,0,0,0,0,0,0,0,0,0,0,1,0,0,0,0,0,0,0,0,1,1
GBR04,2.344971481616611,42214.35341773356,41855.78876011226,1.39039756680426,1.75,23.50794,42.04788,55.6,61.56,33.920048,5.0,,4.0,1538431.562,1538431.562,60.188,United Kingdom,GBR,2004,0,0,0,0,0,0,0,0,0,1,0,0,0,0,0,0,0,0,0,0,0,1,0,0,0,0,0,0,0,1
GBR05,2.66833765676094,43044.21152981169,42678.59813720475,2.08913649025072,1.76,23.11836,41.95164,54.3,62.22,33.943313,4.0,,3.0,1647240.138,1647240.138,68.349,United Kingdom,GBR,2005,0,0,0,0,0,0,0,0,0,0,0,0,0,0,0,0,0,0,0,0,0,0,0,0,0,0,0,0,1,0
GBR09,-4.510485600117846,41705.93912346834,41351.69288796164,1.96173173560107,1.89,26.02175,39.78411,47.875,59.22,32.407154,8.0,,7.0,1631332.067,1631332.067,64.909,United Kingdom,GBR,2009,1,0,0,0,0,0,0,0,0,0,0,0,0,0,0,0,0,0,1,0,0,0,0,0,0,0,0,0,0,1
GBR11,1.067610914036578,42504.89635299314,42143.86385162509,3.85611244682819,1.91,24.47432,45.52232,45.8,58.21,32.456784,,98.3340523654477,,1886204.894,1886204.894,73.307,United Kingdom,GBR,2011,1,0,0,0,0,0,0,0,0,0,0,0,0,0,0,0,0,0,1,0,0,0,0,0,0,0,0,1,0,1
GBR12,1.448456756885051,42821.76128380628,42458.03736219295,2.57323479654528,1.92,24.98132,45.2682,46.2,58.64,32.091517,,98.3340523654265,,2146166.79,2146166.79,79.385,United Kingdom,GBR,2012,0,0,0,0,0,0,1,0,0,1,0,0,0,1,0,0,0,0,0,0,1,1,1,0,1,0,1,1,0,3
GBR14,3.19970262614801,44367.85299791053,43990.99672198555,1.45112016293279,1.81,23.91623,46.46056,48.0,57.81,30.956356,,98.3340523654265,,2300809.618,2300809.618,79.134,United Kingdom,GBR,2014,1,0,0,0,0,0,1,0,0,0,0,0,0,1,0,0,0,0,1,0,1,0,1,0,1,0,1,1,0,3
GBR15,2.393103183986,45071.07432348728,44688.24495326089,0.368046842325369,1.8,24.44862,45.25261,50.0,58.52,30.814131,,98.3605536683641,,2278920.65,2278920.65,80.054,United Kingdom,GBR,2015,1,0,0,0,0,0,1,0,0,0,0,0,0,1,0,1,0,0,1,0,1,0,1,1,1,1,0,1,0,4
GBR16,2.165206210521831,45699.29696318884,45311.13153028525,1.00841736811403,1.79,23.78891,46.62527,50.85,58.34,30.913017,,98.36055366836348,,2205295.886,2205295.886,89.656,United Kingdom,GBR,2016,0,0,0,0,0,0,1,0,0,0,0,0,0,0,0,0,0,0,0,0,1,0,0,0,0,0,0,1,0,1
GBR17,2.443570469879859,46499.01354562641,46104.05539699083,2.55775577557754,1.74,23.91338,45.7449,50.65,57.48,31.004221,,98.3605536683629,,2653018.155,2653018.155,94.174,United Kingdom,GBR,2017,0,0,0,1,0,0,1,0,0,0,0,0,0,0,0,0,0,0,0,1,1,0,0,0,1,0,1,1,0,2
GBR18,1.705021022329035,47006.14292676832,46606.87726994662,2.29283990345939,1.68,24.62661,44.99614,50.625,57.09,30.897049,,98.3605536683541,,2638795.222,2638795.222,96.344,United Kingdom,GBR,2018,0,0,0,0,0,0,0,0,0,1,0,0,0,0,0,0,0,0,0,0,0,1,0,0,0,0,0,1,0,1
USA01,0.9543387287083788,48726.58167272995,50149.82869166839,2.82617111885402,2.0305,11.16584,28.53764,57.71646,64.53,30.739565,9.0,,9.0,11226402.0,7485041.0,70.734,United States,USA,2001,0,0,0,0,0,0,1,0,0,0,0,0,0,0,0,0,0,0,0,0,1,0,0,0,0,0,0,0,0,1
USA06,2.782810625843268,53738.09172515608,55307.71914874517,3.22594410070407,2.108,11.20549,26.32498,54.24495,60.62,30.552005,7.0,,6.0,16390662.0,10523899.0,76.174,United States,USA,2006,0,0,0,0,0,0,0,0,0,1,0,0,0,0,0,0,0,0,0,0,0,1,0,0,0,0,0,0,0,1
USA12,2.280687603191851,54213.45955163895,55796.97191890179,2.06933726526059,1.8805,13.20783,28.50147,45.9838,54.88,29.842844,,54.4517325151956,,19936486.28,12166017.28,74.85,United States,USA,2012,0,0,0,0,0,0,0,0,0,0,0,0,0,0,0,0,1,0,0,0,0,0,0,1,0,0,0,0,0,1
USA14,2.287775932553586,55675.38685368617,57301.60042433978,1.62222297740821,1.8625,12.46115,28.16175,47.63922,55.01,31.641234,,54.6374101115587,,23935895.53,14344573.53,81.732,United States,USA,2014,0,0,0,0,0,0,1,0,0,0,0,0,0,0,0,0,0,0,0,0,1,0,0,0,0,0,0,0,0,1
